to make,写械谢邪褌褜 / 褋芯蟹写邪胁邪褌褜
to do,写械谢邪褌褜
to get,锌芯谢褍褔邪褌褜
to go,懈写褌懈 / 械褏邪褌褜
to come,锌褉懈褏芯写懈褌褜
to take,斜褉邪褌褜
to give,写邪胁邪褌褜
to put,泻谢邪褋褌褜 / 锌芯屑械褖邪褌褜
to keep,写械褉卸邪褌褜 / 褋芯褏褉邪薪褟褌褜
to let,锌芯蟹胁芯谢褟褌褜
to begin,薪邪褔懈薪邪褌褜
to start,薪邪褔懈薪邪褌褜 / 蟹邪锌褍褋泻邪褌褜
to finish,蟹邪泻邪薪褔懈胁邪褌褜
to end,蟹邪泻邪薪褔懈胁邪褌褜
to stop,芯褋褌邪薪邪胁谢懈胁邪褌褜
to continue,锌褉芯写芯谢卸邪褌褜
to try,锌褘褌邪褌褜褋褟
to use,懈褋锌芯谢褜蟹芯胁邪褌褜
to work,褉邪斜芯褌邪褌褜
to play,懈谐褉邪褌褜
to run,斜械卸邪褌褜 / 蟹邪锌褍褋泻邪褌褜
to walk,褏芯写懈褌褜
to move,写胁懈谐邪褌褜 / 锌械褉械屑械褖邪褌褜
to turn,锌芯胁芯褉邪褔懈胁邪褌褜
to open,芯褌泻褉褘胁邪褌褜
to close,蟹邪泻褉褘胁邪褌褜
to build,褋褌褉芯懈褌褜 / 褋芯斜懈褉邪褌褜
to break,谢芯屑邪褌褜
to fix,褔懈薪懈褌褜 / 懈褋锌褉邪胁谢褟褌褜
to change,屑械薪褟褌褜
to add,写芯斜邪胁谢褟褌褜
to remove,褍写邪谢褟褌褜
to create,褋芯蟹写邪胁邪褌褜
to destroy,褍薪懈褔褌芯卸邪褌褜
to choose,胁褘斜懈褉邪褌褜
to select,胁褘斜懈褉邪褌褜
to pick,胁褘斜懈褉邪褌褜 / 锌芯写斜懈褉邪褌褜
to find,薪邪褏芯写懈褌褜
to search,懈褋泻邪褌褜
to look,褋屑芯褌褉械褌褜
to see,胁懈写械褌褜
to watch,褋屑芯褌褉械褌褜 / 薪邪斜谢褞写邪褌褜
to hear,褋谢褘褕邪褌褜
to listen,褋谢褍褕邪褌褜
to feel,褔褍胁褋褌胁芯胁邪褌褜
to think,写褍屑邪褌褜
to know,蟹薪邪褌褜
to understand,锌芯薪懈屑邪褌褜
to learn,褍褔懈褌褜 / 褍蟹薪邪胁邪褌褜
to teach,褍褔懈褌褜 / 锌褉械锌芯写邪胁邪褌褜
to remember,锌芯屑薪懈褌褜
to forget,蟹邪斜褘胁邪褌褜
to believe,胁械褉懈褌褜
to mean,芯蟹薪邪褔邪褌褜
to matter,懈屑械褌褜 蟹薪邪褔械薪懈械
to need,薪褍卸写邪褌褜褋褟
to want,褏芯褌械褌褜
to wish,卸械谢邪褌褜
to hope,薪邪写械褟褌褜褋褟
to like,薪褉邪胁懈褌褜褋褟
to love,谢褞斜懈褌褜
to hate,薪械薪邪胁懈写械褌褜
to prefer,锌褉械写锌芯褔懈褌邪褌褜
to decide,褉械褕邪褌褜
to agree,褋芯谐谢邪褕邪褌褜褋褟
to refuse,芯褌泻邪蟹褘胁邪褌褜
to allow,褉邪蟹褉械褕邪褌褜
to deny,芯褌褉懈褑邪褌褜 / 芯褌泻邪蟹褘胁邪褌褜
to accept,锌褉懈薪懈屑邪褌褜
to reject,芯褌泻谢芯薪褟褌褜
to admit,锌褉懈蟹薪邪胁邪褌褜
to explain,芯斜褗褟褋薪褟褌褜
to describe,芯锌懈褋褘胁邪褌褜
to tell,褉邪褋褋泻邪蟹褘胁邪褌褜
to say,谐芯胁芯褉懈褌褜
to speak,谐芯胁芯褉懈褌褜
to talk,褉邪蟹谐芯胁邪褉懈胁邪褌褜
to ask,褋锌褉邪褕懈胁邪褌褜
to answer,芯褌胁械褔邪褌褜
to reply,芯褌胁械褔邪褌褜
to call,蟹胁芯薪懈褌褜 / 胁褘蟹褘胁邪褌褜
to write,锌懈褋邪褌褜
to read,褔懈褌邪褌褜
to draw,褉懈褋芯胁邪褌褜
to paint,泻褉邪褋懈褌褜 / 褉懈褋芯胁邪褌褜
to show,锌芯泻邪蟹褘胁邪褌褜
to hide,锌褉褟褌邪褌褜
to appear,锌芯褟胁谢褟褌褜褋褟
to disappear,懈褋褔械蟹邪褌褜
to happen,褋谢褍褔邪褌褜褋褟
to occur,锌褉芯懈褋褏芯写懈褌褜
to seem,泻邪蟹邪褌褜褋褟
to become,褋褌邪薪芯胁懈褌褜褋褟
to grow,褉邪褋褌懈
to develop,褉邪蟹胁懈胁邪褌褜
to improve,褍谢褍褔褕邪褌褜
to increase,褍胁械谢懈褔懈胁邪褌褜
to decrease,褍屑械薪褜褕邪褌褜
to reduce,褋芯泻褉邪褖邪褌褜
to raise,锌芯写薪懈屑邪褌褜
to lower,锌芯薪懈卸邪褌褜
to rise,锌芯写薪懈屑邪褌褜褋褟
to fall,锌邪写邪褌褜
to drop,褉芯薪褟褌褜 / 锌邪写邪褌褜
to throw,斜褉芯褋邪褌褜
to catch,谢芯胁懈褌褜
to hold,写械褉卸邪褌褜
to carry,薪械褋褌懈
to bring,锌褉懈薪芯褋懈褌褜
to send,芯褌锌褉邪胁谢褟褌褜
to receive,锌芯谢褍褔邪褌褜
to deliver,写芯褋褌邪胁谢褟褌褜
to buy,锌芯泻褍锌邪褌褜
to sell,锌褉芯写邪胁邪褌褜
to pay,锌谢邪褌懈褌褜
to cost,褋褌芯懈褌褜
to spend,褌褉邪褌懈褌褜
to save,褝泻芯薪芯屑懈褌褜 / 褋芯褏褉邪薪褟褌褜
to earn,蟹邪褉邪斜邪褌褘胁邪褌褜
to win,胁褘懈谐褉褘胁邪褌褜
to lose,锌褉芯懈谐褉褘胁邪褌褜 / 褌械褉褟褌褜
to gain,锌褉懈芯斜褉械褌邪褌褜
to share,写械谢懈褌褜褋褟
to join,锌褉懈褋芯械写懈薪褟褌褜
to connect,褋芯械写懈薪褟褌褜
to link,褋胁褟蟹褘胁邪褌褜
to attach,锌褉懈泻褉械锌谢褟褌褜
to separate,褉邪蟹写械谢褟褌褜
to divide,写械谢懈褌褜
to combine,芯斜褗械写懈薪褟褌褜
to mix,褋屑械褕懈胁邪褌褜
to fill,蟹邪锌芯谢薪褟褌褜
to empty,芯锌褍褋褌芯褕邪褌褜
to cover,锌芯泻褉褘胁邪褌褜
to wrap,芯斜芯褉邪褔懈胁邪褌褜
to cut,褉械蟹邪褌褜
to tear,褉胁邪褌褜
to press,薪邪卸懈屑邪褌褜
to push,褌芯谢泻邪褌褜
to pull,褌褟薪褍褌褜
to lift,锌芯写薪懈屑邪褌褜
to drag,褌邪褖懈褌褜 / 锌械褉械褌邪褋泻懈胁邪褌褜
to drop off,胁褘褋邪卸懈胁邪褌褜 / 蟹邪胁芯蟹懈褌褜
to support,锌芯写写械褉卸懈胁邪褌褜
to help,锌芯屑芯谐邪褌褜
to serve,芯斜褋谢褍卸懈胁邪褌褜 / 褋谢褍卸懈褌褜
to manage,褍锌褉邪胁谢褟褌褜
to control,泻芯薪褌褉芯谢懈褉芯胁邪褌褜
to lead,胁械褋褌懈 / 褉褍泻芯胁芯写懈褌褜
to follow,褋谢械写芯胁邪褌褜
to guide,薪邪锌褉邪胁谢褟褌褜
to order,蟹邪泻邪蟹褘胁邪褌褜 / 锌褉懈泻邪蟹褘胁邪褌褜
to command,泻芯屑邪薪写芯胁邪褌褜
to require,褌褉械斜芯胁邪褌褜
to demand,褌褉械斜芯胁邪褌褜
to provide,锌褉械写芯褋褌邪胁谢褟褌褜
to offer,锌褉械写谢邪谐邪褌褜
to suggest,锌褉械写谢邪谐邪褌褜
to recommend,褉械泻芯屑械薪写芯胁邪褌褜
to advise,褋芯胁械褌芯胁邪褌褜
to warn,锌褉械写褍锌褉械卸写邪褌褜
to remind,薪邪锌芯屑懈薪邪褌褜
to promise,芯斜械褖邪褌褜
to plan,锌谢邪薪懈褉芯胁邪褌褜
to prepare,谐芯褌芯胁懈褌褜
to arrange,芯褉谐邪薪懈蟹芯胁褘胁邪褌褜
to organize,芯褉谐邪薪懈蟹芯胁褘胁邪褌褜
to collect,褋芯斜懈褉邪褌褜
to gather,褋芯斜懈褉邪褌褜
to sort,褋芯褉褌懈褉芯胁邪褌褜
to compare,褋褉邪胁薪懈胁邪褌褜
to match,褋芯锌芯褋褌邪胁谢褟褌褜
to measure,懈蟹屑械褉褟褌褜
to count,褋褔懈褌邪褌褜
to calculate,胁褘褔懈褋谢褟褌褜
to estimate,芯褑械薪懈胁邪褌褜
to check,锌褉芯胁械褉褟褌褜
to verify,锌褉芯胁械褉褟褌褜
to confirm,锌芯写褌胁械褉卸写邪褌褜
to test,褌械褋褌懈褉芯胁邪褌褜
to prove,写芯泻邪蟹褘胁邪褌褜
to show off,褏胁邪褋褌邪褌褜褋褟
to notice,蟹邪屑械褔邪褌褜
to recognize,褉邪褋锌芯蟹薪邪胁邪褌褜
to identify,芯锌褉械写械谢褟褌褜
to discover,芯斜薪邪褉褍卸懈胁邪褌褜
to detect,芯斜薪邪褉褍卸懈胁邪褌褜
to report,褋芯芯斜褖邪褌褜 / 写芯泻谢邪写褘胁邪褌褜
to announce,芯斜褗褟胁谢褟褌褜
to publish,锌褍斜谢懈泻芯胁邪褌褜
to share out,褉邪褋锌褉械写械谢褟褌褜
to spread,褉邪褋锌褉芯褋褌褉邪薪褟褌褜
to avoid,懈蟹斜械谐邪褌褜
to prevent,锌褉械写芯褌胁褉邪褖邪褌褜
to protect,蟹邪褖懈褖邪褌褜
to defend,蟹邪褖懈褖邪褌褜
to attack,邪褌邪泻芯胁邪褌褜
to fight,斜芯褉芯褌褜褋褟
to escape,褋斜械谐邪褌褜
to hide away,褍泻褉褘胁邪褌褜
to return,胁芯蟹胁褉邪褖邪褌褜
to repeat,锌芯胁褌芯褉褟褌褜
to replace,蟹邪屑械薪褟褌褜
to update,芯斜薪芯胁谢褟褌褜
to upgrade,锌芯胁褘褕邪褌褜 / 褍谢褍褔褕邪褌褜
to restore,胁芯褋褋褌邪薪邪胁谢懈胁邪褌褜
to recover,胁芯褋褋褌邪薪邪胁谢懈胁邪褌褜褋褟
to repair,褉械屑芯薪褌懈褉芯胁邪褌褜
to maintain,锌芯写写械褉卸懈胁邪褌褜 / 芯斜褋谢褍卸懈胁邪褌褜
to clean,褔懈褋褌懈褌褜
to wash,屑褘褌褜
to cook,谐芯褌芯胁懈褌褜
to eat,械褋褌褜
to drink,锌懈褌褜
to sleep,褋锌邪褌褜
to wake,斜褍写懈褌褜 / 锌褉芯褋褘锌邪褌褜褋褟
to rest,芯褌写褘褏邪褌褜
to relax,褉邪褋褋谢邪斜谢褟褌褜褋褟
to enjoy,薪邪褋谢邪卸写邪褌褜褋褟
to celebrate,锌褉邪蟹写薪芯胁邪褌褜
to travel,锌褍褌械褕械褋褌胁芯胁邪褌褜
to drive,胁芯写懈褌褜 / 械褏邪褌褜
to fly,谢械褌邪褌褜
to ride,械褏邪褌褜 (胁械褉褏芯屑)
to swim,锌谢邪胁邪褌褜
to jump,锌褉褘谐邪褌褜
to climb,胁蟹斜懈褉邪褌褜褋褟
to fall down,锌邪写邪褌褜
to stand,褋褌芯褟褌褜
to sit,褋懈写械褌褜
to lie,谢械卸邪褌褜
to wait,卸写邪褌褜
to stay,芯褋褌邪胁邪褌褜褋褟
to leave,褍褏芯写懈褌褜 / 芯褋褌邪胁谢褟褌褜
to arrive,锌褉懈斜褘胁邪褌褜
to enter,胁褏芯写懈褌褜
to exit,胁褘褏芯写懈褌褜
to visit,锌芯褋械褖邪褌褜
to meet,胁褋褌褉械褔邪褌褜
to introduce,锌褉械写褋褌邪胁谢褟褌褜 / 蟹薪邪泻芯屑懈褌褜
to invite,锌褉懈谐谢邪褕邪褌褜
to greet,锌褉懈胁械褌褋褌胁芯胁邪褌褜
to thank,斜谢邪谐芯写邪褉懈褌褜
to apologize,懈蟹胁懈薪褟褌褜褋褟
to complain,卸邪谢芯胁邪褌褜褋褟
to argue,褋锌芯褉懈褌褜
to discuss,芯斜褋褍卸写邪褌褜
to negotiate,胁械褋褌懈 锌械褉械谐芯胁芯褉褘
to cooperate,褋芯褌褉褍写薪懈褔邪褌褜
to participate,褍褔邪褋褌胁芯胁邪褌褜
to contribute,胁薪芯褋懈褌褜 胁泻谢邪写
to involve,胁芯胁谢械泻邪褌褜
to include,胁泻谢褞褔邪褌褜
to exclude,懈褋泻谢褞褔邪褌褜
to contain,褋芯写械褉卸邪褌褜
to consist,褋芯褋褌芯褟褌褜
to belong,锌褉懈薪邪写谢械卸邪褌褜
to own,胁谢邪写械褌褜
to possess,芯斜谢邪写邪褌褜
to borrow,斜褉邪褌褜 胁 写芯谢谐
to lend,写邪胁邪褌褜 胁 写芯谢谐
to rent,邪褉械薪写芯胁邪褌褜
to hire,薪邪薪懈屑邪褌褜
to employ,薪邪薪懈屑邪褌褜
to fire,褍胁芯谢褜薪褟褌褜
to quit,褍胁芯谢褜薪褟褌褜褋褟 / 斜褉芯褋邪褌褜
to apply,锌芯写邪胁邪褌褜 蟹邪褟胁泻褍 / 锌褉懈屑械薪褟褌褜
to register,褉械谐懈褋褌褉懈褉芯胁邪褌褜
to sign,锌芯写锌懈褋褘胁邪褌褜
to fill in,蟹邪锌芯谢薪褟褌褜
to cancel,芯褌屑械薪褟褌褜
to postpone,芯褌泻谢邪写褘胁邪褌褜
to delay,蟹邪写械褉卸懈胁邪褌褜
to schedule,锌谢邪薪懈褉芯胁邪褌褜
to book,斜褉芯薪懈褉芯胁邪褌褜
to reserve,褉械蟹械褉胁懈褉芯胁邪褌褜
to implement,褉械邪谢懈蟹芯胁褘胁邪褌褜 / 胁薪械写褉褟褌褜
to deploy,褉邪蟹胁褢褉褌褘胁邪褌褜
to release,胁褘锌褍褋泻邪褌褜 / 锌褍斜谢懈泻芯胁邪褌褜
to launch,蟹邪锌褍褋泻邪褌褜
to review,锌褉芯胁械褉褟褌褜 / 褉械褑械薪蟹懈褉芯胁邪褌褜
to approve,芯写芯斜褉褟褌褜
to merge,褋谢懈胁邪褌褜 / 芯斜褗械写懈薪褟褌褜
to split,褉邪蟹写械谢褟褌褜
to extend,褉邪褋褕懈褉褟褌褜
to expand,褉邪褋褕懈褉褟褌褜
to shrink,褋卸懈屑邪褌褜
to compress,褋卸懈屑邪褌褜
to encrypt,褕懈褎褉芯胁邪褌褜
to decrypt,褉邪褋褕懈褎褉芯胁褘胁邪褌褜
to encode,泻芯写懈褉芯胁邪褌褜
to decode,写械泻芯写懈褉芯胁邪褌褜
to parse,褉邪蟹斜懈褉邪褌褜 / 锌邪褉褋懈褌褜
to format,褎芯褉屑邪褌懈褉芯胁邪褌褜
to validate,锌褉芯胁械褉褟褌褜 / 胁邪谢懈写懈褉芯胁邪褌褜
to filter,褎懈谢褜褌褉芯胁邪褌褜
to map,芯褌芯斜褉邪卸邪褌褜 / 锌褉械芯斜褉邪蟹芯胁褘胁邪褌褜
to reduce to,褋胁芯写懈褌褜 泻
to iterate,懈褌械褉懈褉芯胁邪褌褜 / 锌械褉械斜懈褉邪褌褜
to loop,锌芯胁褌芯褉褟褌褜 胁 褑懈泻谢械
to execute,胁褘锌芯谢薪褟褌褜
to compile,泻芯屑锌懈谢懈褉芯胁邪褌褜
to debug,芯褌谢邪卸懈胁邪褌褜
to refactor,褉械褎邪泻褌芯褉懈褌褜
to optimize,芯锌褌懈屑懈蟹懈褉芯胁邪褌褜
to configure,薪邪褋褌褉邪懈胁邪褌褜
to install,褍褋褌邪薪邪胁谢懈胁邪褌褜
to uninstall,褍写邪谢褟褌褜 (锌褉芯谐褉邪屑屑褍)
to import,懈屑锌芯褉褌懈褉芯胁邪褌褜
to export,褝泻褋锌芯褉褌懈褉芯胁邪褌褜
to upload,蟹邪谐褉褍卸邪褌褜 (薪邪 褋械褉胁械褉)
to download,褋泻邪褔懈胁邪褌褜
to sync,褋懈薪褏褉芯薪懈蟹懈褉芯胁邪褌褜
to backup,写械谢邪褌褜 褉械蟹械褉胁薪褍褞 泻芯锌懈褞
to restore from,胁芯褋褋褌邪薪邪胁谢懈胁邪褌褜 懈蟹
to override,锌械褉械芯锌褉械写械谢褟褌褜
to overwrite,锌械褉械蟹邪锌懈褋褘胁邪褌褜
to inherit,薪邪褋谢械写芯胁邪褌褜
to extend from,薪邪褋谢械写芯胁邪褌褜 芯褌
to catch error,锌械褉械褏胁邪褌褘胁邪褌褜 芯褕懈斜泻褍
to handle,芯斜褉邪斜邪褌褘胁邪褌褜
to trigger,蟹邪锌褍褋泻邪褌褜 / 懈薪懈褑懈懈褉芯胁邪褌褜
to emit,懈褋锌褍褋泻邪褌褜 / 锌芯褋褘谢邪褌褜 (褋芯斜褘褌懈械)
to subscribe,锌芯写锌懈褋褘胁邪褌褜褋褟
to unsubscribe,芯褌锌懈褋褘胁邪褌褜褋褟
to render,芯褌褉懈褋芯胁褘胁邪褌褜 / 褉械薪写械褉懈褌褜
to fetch,锌芯谢褍褔邪褌褜 (写邪薪薪褘械)
to request,蟹邪锌褉邪褕懈胁邪褌褜
to respond,芯褌胁械褔邪褌褜
to authenticate,邪褍褌械薪褌懈褎懈褑懈褉芯胁邪褌褜
to authorize,邪胁褌芯褉懈蟹芯胁邪褌褜
to log in,胁褏芯写懈褌褜 (胁 褋懈褋褌械屑褍)
to log out,胁褘褏芯写懈褌褜 (懈蟹 褋懈褋褌械屑褘)
to grant,锌褉械写芯褋褌邪胁谢褟褌褜 (写芯褋褌褍锌)
to revoke,芯褌蟹褘胁邪褌褜 (写芯褋褌褍锌)
to allocate,胁褘写械谢褟褌褜 (锌邪屑褟褌褜)
to release memory,芯褋胁芯斜芯卸写邪褌褜 锌邪屑褟褌褜
to flush,褋斜褉邪褋褘胁邪褌褜 (斜褍褎械褉)
to cache,泻褝褕懈褉芯胁邪褌褜
to queue,褋褌邪胁懈褌褜 胁 芯褔械褉械写褜
to schedule task,锌谢邪薪懈褉芯胁邪褌褜 蟹邪写邪褔褍
to poll,芯锌褉邪褕懈胁邪褌褜
to broadcast,褌褉邪薪褋谢懈褉芯胁邪褌褜
to route,屑邪褉褕褉褍褌懈蟹懈褉芯胁邪褌褜
to forward,锌械褉械褋褘谢邪褌褜
to proxy,锌褉芯泻褋懈褉芯胁邪褌褜
to mock,屑芯泻邪褌褜 / 锌芯写屑械薪褟褌褜
to stub,蟹邪谐谢褍褕邪褌褜
to assert,褍褌胁械褉卸写邪褌褜 / 锌褉芯胁械褉褟褌褜
to benchmark,懈蟹屑械褉褟褌褜 锌褉芯懈蟹胁芯写懈褌械谢褜薪芯褋褌褜
to profile,锌褉芯褎懈谢懈褉芯胁邪褌褜
to trace,褌褉邪褋褋懈褉芯胁邪褌褜
to monitor,薪邪斜谢褞写邪褌褜 / 屑芯薪懈褌芯褉懈褌褜
to scale,屑邪褋褕褌邪斜懈褉芯胁邪褌褜
to provision,锌芯写谐芯褌邪胁谢懈胁邪褌褜 (褉械褋褍褉褋褘)
to rollback,芯褌泻邪褌褘胁邪褌褜
to patch,锌邪褌褔懈褌褜 / 谢邪褌邪褌褜
to bump,锌芯胁褘褕邪褌褜 (胁械褉褋懈褞)
to lint,锌褉芯胁械褉褟褌褜 褋褌懈谢褜 泻芯写邪
to commit,泻芯屑屑懈褌懈褌褜 / 褎懈泻褋懈褉芯胁邪褌褜
to clone,泻谢芯薪懈褉芯胁邪褌褜
to fork,褎芯褉泻邪褌褜 / 芯褌胁械褌胁谢褟褌褜
to rebase,锌械褉械斜邪蟹懈褉芯胁邪褌褜
to stash,锌褉褟褌邪褌褜 (懈蟹屑械薪械薪懈褟)
to checkout,锌械褉械泻谢褞褔邪褌褜褋褟 (薪邪 胁械褌泻褍)
to tag,锌芯屑械褔邪褌褜 褌械谐芯屑
to annotate,邪薪薪芯褌懈褉芯胁邪褌褜
to serialize,褋械褉懈邪谢懈蟹芯胁邪褌褜
to deserialize,写械褋械褉懈邪谢懈蟹芯胁邪褌褜
to normalize,薪芯褉屑邪谢懈蟹芯胁邪褌褜
to sanitize,芯褔懈褖邪褌褜 / 芯斜械蟹蟹邪褉邪卸懈胁邪褌褜
to truncate,褍褋械泻邪褌褜 / 芯斜褉械蟹邪褌褜
to round,芯泻褉褍谐谢褟褌褜
to parse out,懈蟹胁谢械泻邪褌褜 (锌邪褉褋懈薪谐芯屑)
to resolve,褉邪蟹褉械褕邪褌褜 (蟹邪胁懈褋懈屑芯褋褌懈)
to reject promise,芯褌泻谢芯薪褟褌褜 (锌褉芯屑懈褋)
to await,芯卸懈写邪褌褜 (邪褋懈薪褏褉芯薪薪芯)
to yield,胁芯蟹胁褉邪褖邪褌褜 锌芯褝褌邪锌薪芯
to spawn,锌芯褉芯卸写邪褌褜 (锌褉芯褑械褋褋)
to terminate,蟹邪胁械褉褕邪褌褜
to kill,褍斜懈胁邪褌褜 (锌褉芯褑械褋褋)
to restart,锌械褉械蟹邪锌褍褋泻邪褌褜
to reboot,锌械褉械蟹邪谐褉褍卸邪褌褜
to boot,蟹邪谐褉褍卸邪褌褜 (褋懈褋褌械屑褍)
to mount,屑芯薪褌懈褉芯胁邪褌褜
to unmount,褉邪蟹屑芯薪褌懈褉芯胁邪褌褜
to format disk,褎芯褉屑邪褌懈褉芯胁邪褌褜 写懈褋泻
to partition,褉邪蟹斜懈胁邪褌褜 薪邪 褉邪蟹写械谢褘
to index,懈薪写械泻褋懈褉芯胁邪褌褜
to query,蟹邪锌褉邪褕懈胁邪褌褜 (懈蟹 袘袛)
to join tables,褋芯械写懈薪褟褌褜 褌邪斜谢懈褑褘
to aggregate,邪谐褉械谐懈褉芯胁邪褌褜
to migrate,屑懈谐褉懈褉芯胁邪褌褜 / 锌械褉械薪芯褋懈褌褜
to seed,薪邪锌芯谢薪褟褌褜 (薪邪褔邪谢褜薪褘屑懈 写邪薪薪褘屑懈)
to purge,芯褔懈褖邪褌褜 锌芯谢薪芯褋褌褜褞
new,薪芯胁褘泄
old,褋褌邪褉褘泄
young,屑芯谢芯写芯泄
big,斜芯谢褜褕芯泄
large,泻褉褍锌薪褘泄
small,屑邪谢械薪褜泻懈泄
little,屑邪谢械薪褜泻懈泄 / 薪械屑薪芯谐芯
huge,芯谐褉芯屑薪褘泄
tiny,泻褉芯褕械褔薪褘泄
long,写谢懈薪薪褘泄
short,泻芯褉芯褌泻懈泄
tall,胁褘褋芯泻懈泄
wide,褕懈褉芯泻懈泄
narrow,褍蟹泻懈泄
deep,谐谢褍斜芯泻懈泄
shallow,屑械谢泻懈泄
thick,褌芯谢褋褌褘泄
thin,褌芯薪泻懈泄
high,胁褘褋芯泻懈泄
low,薪懈蟹泻懈泄
heavy,褌褟卸褢谢褘泄
light,谢褢谐泻懈泄
fast,斜褘褋褌褉褘泄
slow,屑械写谢械薪薪褘泄
quick,斜褘褋褌褉褘泄
early,褉邪薪薪懈泄
late,锌芯蟹写薪懈泄
hard,褌褉褍写薪褘泄 / 褌胁褢褉写褘泄
easy,谢褢谐泻懈泄
difficult,褋谢芯卸薪褘泄
simple,锌褉芯褋褌芯泄
complex,褋谢芯卸薪褘泄 (褋芯褋褌邪胁薪芯泄)
complicated,蟹邪锌褍褌邪薪薪褘泄
clear,褟褋薪褘泄 / 锌芯薪褟褌薪褘泄
obvious,芯褔械胁懈写薪褘泄
strange,褋褌褉邪薪薪褘泄
weird,褋褌褉邪薪薪褘泄
normal,薪芯褉屑邪谢褜薪褘泄
common,芯斜褘褔薪褘泄 / 褉邪褋锌褉芯褋褌褉邪薪褢薪薪褘泄
rare,褉械写泻懈泄
usual,芯斜褘褔薪褘泄
unusual,薪械芯斜褘褔薪褘泄
special,芯褋芯斜褘泄
general,芯斜褖懈泄
specific,泻芯薪泻褉械褌薪褘泄
particular,芯锌褉械写械谢褢薪薪褘泄
main,谐谢邪胁薪褘泄
major,谐谢邪胁薪褘泄 / 泻褉褍锌薪褘泄
minor,薪械蟹薪邪褔懈褌械谢褜薪褘泄
important,胁邪卸薪褘泄
serious,褋械褉褜褢蟹薪褘泄
real,薪邪褋褌芯褟褖懈泄
true,懈褋褌懈薪薪褘泄
false,谢芯卸薪褘泄
right,锌褉邪胁懈谢褜薪褘泄 / 锌褉邪胁褘泄
wrong,薪械锌褉邪胁懈谢褜薪褘泄
correct,胁械褉薪褘泄
incorrect,薪械胁械褉薪褘泄
valid,写械泄褋褌胁懈褌械谢褜薪褘泄
invalid,薪械写械泄褋褌胁懈褌械谢褜薪褘泄
good,褏芯褉芯褕懈泄
bad,锌谢芯褏芯泄
great,芯褌谢懈褔薪褘泄
nice,锌褉懈褟褌薪褘泄
fine,锌褉械泻褉邪褋薪褘泄 / 薪芯褉屑邪谢褜薪褘泄
poor,斜械写薪褘泄 / 锌谢芯褏芯泄
rich,斜芯谐邪褌褘泄
expensive,写芯褉芯谐芯泄
cheap,写械褕褢胁褘泄
free,褋胁芯斜芯写薪褘泄 / 斜械褋锌谢邪褌薪褘泄
busy,蟹邪薪褟褌褘泄
empty,锌褍褋褌芯泄
full,锌芯谢薪褘泄
complete,蟹邪胁械褉褕褢薪薪褘泄
incomplete,薪械蟹邪胁械褉褕褢薪薪褘泄
ready,谐芯褌芯胁褘泄
available,写芯褋褌褍锌薪褘泄
unavailable,薪械写芯褋褌褍锌薪褘泄
possible,胁芯蟹屑芯卸薪褘泄
impossible,薪械胁芯蟹屑芯卸薪褘泄
necessary,薪械芯斜褏芯写懈屑褘泄
useful,锌芯谢械蟹薪褘泄
useless,斜械褋锌芯谢械蟹薪褘泄
helpful,锌芯谢械蟹薪褘泄 / 芯褌蟹褘胁褔懈胁褘泄
harmful,胁褉械写薪褘泄
dangerous,芯锌邪褋薪褘泄
safe,斜械蟹芯锌邪褋薪褘泄
secure,蟹邪褖懈褖褢薪薪褘泄
strong,褋懈谢褜薪褘泄
weak,褋谢邪斜褘泄
powerful,屑芯褖薪褘泄
fragile,褏褉褍锌泻懈泄
stable,褋褌邪斜懈谢褜薪褘泄
unstable,薪械褋褌邪斜懈谢褜薪褘泄
reliable,薪邪写褢卸薪褘泄
flexible,谐懈斜泻懈泄
robust,褍褋褌芯泄褔懈胁褘泄 / 薪邪写褢卸薪褘泄
efficient,褝褎褎械泻褌懈胁薪褘泄
slow-running,屑械写谢械薪薪褘泄 (胁 褉邪斜芯褌械)
clean,褔懈褋褌褘泄
dirty,谐褉褟蟹薪褘泄
fresh,褋胁械卸懈泄
modern,褋芯胁褉械屑械薪薪褘泄
ancient,写褉械胁薪懈泄
recent,薪械写邪胁薪懈泄
current,褌械泻褍褖懈泄
previous,锌褉械写褘写褍褖懈泄
next,褋谢械写褍褞褖懈泄
final,芯泻芯薪褔邪褌械谢褜薪褘泄
initial,薪邪褔邪谢褜薪褘泄
basic,斜邪蟹芯胁褘泄
advanced,锌褉芯写胁懈薪褍褌褘泄
default,锌芯 褍屑芯谢褔邪薪懈褞
custom,锌芯谢褜蟹芯胁邪褌械谢褜褋泻懈泄 / 薪邪褋褌褉邪懈胁邪械屑褘泄
standard,褋褌邪薪写邪褉褌薪褘泄
official,芯褎懈褑懈邪谢褜薪褘泄
public,锌褍斜谢懈褔薪褘泄 / 芯褌泻褉褘褌褘泄
private,锌褉懈胁邪褌薪褘泄 / 蟹邪泻褉褘褌褘泄
internal,胁薪褍褌褉械薪薪懈泄
external,胁薪械褕薪懈泄
local,谢芯泻邪谢褜薪褘泄
remote,褍写邪谢褢薪薪褘泄
global,谐谢芯斜邪谢褜薪褘泄
shared,芯斜褖懈泄 / 褉邪蟹写械谢褟械屑褘泄
unique,褍薪懈泻邪谢褜薪褘泄
similar,锌芯褏芯卸懈泄
different,褉邪蟹薪褘泄
equal,褉邪胁薪褘泄
various,褉邪蟹谢懈褔薪褘械
multiple,屑薪芯卸械褋褌胁械薪薪褘泄
single,械写懈薪褋褌胁械薪薪褘泄
double,写胁芯泄薪芯泄
empty-handed,褋 锌褍褋褌褘屑懈 褉褍泻邪屑懈
whole,褑械谢褘泄
entire,胁械褋褜 / 褑械谢懈泻芯屑
partial,褔邪褋褌懈褔薪褘泄
total,芯斜褖懈泄 / 褋褍屑屑邪褉薪褘泄
exact,褌芯褔薪褘泄
approximate,锌褉懈斜谢懈蟹懈褌械谢褜薪褘泄
accurate,褌芯褔薪褘泄
precise,褌芯褔薪褘泄
rough,谐褉褍斜褘泄 / 锌褉懈斜谢懈蟹懈褌械谢褜薪褘泄
detailed,锌芯写褉芯斜薪褘泄
brief,泻褉邪褌泻懈泄
huge-scale,屑邪褋褕褌邪斜薪褘泄
tight,褌械褋薪褘泄 / 锌谢芯褌薪褘泄
loose,褋胁芯斜芯写薪褘泄 / 褋谢邪斜褘泄
smooth,谐谢邪写泻懈泄 / 锌谢邪胁薪褘泄
sharp,芯褋褌褉褘泄
soft,屑褟谐泻懈泄
warm,褌褢锌谢褘泄
cold,褏芯谢芯写薪褘泄
hot,谐芯褉褟褔懈泄
cool,锌褉芯褏谢邪写薪褘泄
dry,褋褍褏芯泄
wet,屑芯泻褉褘泄
bright,褟褉泻懈泄
dark,褌褢屑薪褘泄
quiet,褌懈褏懈泄
loud,谐褉芯屑泻懈泄
calm,褋锌芯泻芯泄薪褘泄
angry,蟹谢芯泄
happy,褋褔邪褋褌谢懈胁褘泄
sad,谐褉褍褋褌薪褘泄
tired,褍褋褌邪谢褘泄
afraid,懈褋锌褍谐邪薪薪褘泄
proud,谐芯褉写褘泄
glad,褉邪写
nervous,薪械褉胁薪褘泄
confident,褍胁械褉械薪薪褘泄
curious,谢褞斜芯锌褘褌薪褘泄
boring,褋泻褍褔薪褘泄
interesting,懈薪褌械褉械褋薪褘泄
exciting,胁芯谢薪褍褞褖懈泄
funny,褋屑械褕薪芯泄
serious-minded,褋械褉褜褢蟹薪褘泄
honest,褔械褋褌薪褘泄
kind,写芯斜褉褘泄
polite,胁械卸谢懈胁褘泄
rude,谐褉褍斜褘泄
smart,褍屑薪褘泄
clever,褋芯芯斜褉邪蟹懈褌械谢褜薪褘泄
stupid,谐谢褍锌褘泄
wise,屑褍写褉褘泄
brave,褏褉邪斜褉褘泄
lazy,谢械薪懈胁褘泄
careful,芯褋褌芯褉芯卸薪褘泄
careless,薪械斜褉械卸薪褘泄
patient,褌械褉锌械谢懈胁褘泄
friendly,写褉褍卸械谢褞斜薪褘泄
quickly,斜褘褋褌褉芯
slowly,屑械写谢械薪薪芯
carefully,芯褋褌芯褉芯卸薪芯
easily,谢械谐泻芯
hardly,械写胁邪
nearly,锌芯褔褌懈
almost,锌芯褔褌懈
exactly,褌芯褔薪芯
probably,胁械褉芯褟褌薪芯
maybe,屑芯卸械褌 斜褘褌褜
perhaps,胁芯蟹屑芯卸薪芯
certainly,泻芯薪械褔薪芯
definitely,芯锌褉械写械谢褢薪薪芯
absolutely,邪斜褋芯谢褞褌薪芯
clearly,褟褋薪芯
obviously,芯褔械胁懈写薪芯
actually,薪邪 褋邪屑芯屑 写械谢械
basically,胁 芯褋薪芯胁薪芯屑
generally,胁 褑械谢芯屑
usually,芯斜褘褔薪芯
normally,芯斜褘褔薪芯
rarely,褉械写泻芯
often,褔邪褋褌芯
sometimes,懈薪芯谐写邪
always,胁褋械谐写邪
never,薪懈泻芯谐写邪
already,褍卸械
yet,械褖褢 / 褍卸械
still,胁褋褢 械褖褢
soon,褋泻芯褉芯
recently,薪械写邪胁薪芯
lately,胁 锌芯褋谢械写薪械械 胁褉械屑褟
eventually,胁 泻芯薪褑械 泻芯薪褑芯胁
finally,薪邪泻芯薪械褑
immediately,薪械屑械写谢械薪薪芯
suddenly,胁薪械蟹邪锌薪芯
gradually,锌芯褋褌械锌械薪薪芯
together,胁屑械褋褌械
apart,芯褌写械谢褜薪芯
instead,胁屑械褋褌芯 褝褌芯谐芯
otherwise,懈薪邪褔械
however,芯写薪邪泻芯
therefore,锌芯褝褌芯屑褍
besides,泻褉芯屑械 褌芯谐芯
moreover,斜芯谢械械 褌芯谐芯
furthermore,泻褉芯屑械 褌芯谐芯
nevertheless,褌械屑 薪械 屑械薪械械
meanwhile,褌械屑 胁褉械屑械薪械屑
anyway,胁 谢褞斜芯屑 褋谢褍褔邪械
indeed,写械泄褋褌胁懈褌械谢褜薪芯
mostly,胁 芯褋薪芯胁薪芯屑
roughly,锌褉懈屑械褉薪芯
specifically,胁 褔邪褋褌薪芯褋褌懈
particularly,芯褋芯斜械薪薪芯
mainly,谐谢邪胁薪褘屑 芯斜褉邪蟹芯屑
directly,薪邪锌褉褟屑褍褞
indirectly,泻芯褋胁械薪薪芯
properly,写芯谢卸薪褘屑 芯斜褉邪蟹芯屑
correctly,锌褉邪胁懈谢褜薪芯
accordingly,褋芯芯褌胁械褌褋褌胁械薪薪芯
person,褔械谢芯胁械泻
people,谢褞写懈
man,屑褍卸褔懈薪邪
woman,卸械薪褖懈薪邪
child,褉械斜褢薪芯泻
kid,褉械斜褢薪芯泻
baby,屑谢邪写械薪械褑
boy,屑邪谢褜褔懈泻
girl,写械胁芯褔泻邪
adult,胁蟹褉芯褋谢褘泄
teenager,锌芯写褉芯褋褌芯泻
family,褋械屑褜褟
parent,褉芯写懈褌械谢褜
father,芯褌械褑
mother,屑邪褌褜
son,褋褘薪
daughter,写芯褔褜
brother,斜褉邪褌
sister,褋械褋褌褉邪
husband,屑褍卸
wife,卸械薪邪
grandfather,写械写褍褕泻邪
grandmother,斜邪斜褍褕泻邪
uncle,写褟写褟
aunt,褌褢褌褟
cousin,写胁芯褞褉芯写薪褘泄 斜褉邪褌/褋械褋褌褉邪
nephew,锌谢械屑褟薪薪懈泻
niece,锌谢械屑褟薪薪懈褑邪
friend,写褉褍谐
neighbor,褋芯褋械写
colleague,泻芯谢谢械谐邪
partner,锌邪褉褌薪褢褉
stranger,薪械蟹薪邪泻芯屑械褑
guest,谐芯褋褌褜
host,褏芯蟹褟懈薪 / 胁械写褍褖懈泄
member,褍褔邪褋褌薪懈泻 / 褔谢械薪
team,泻芯屑邪薪写邪
group,谐褉褍锌锌邪
crowd,褌芯谢锌邪
society,芯斜褖械褋褌胁芯
community,褋芯芯斜褖械褋褌胁芯
government,锌褉邪胁懈褌械谢褜褋褌胁芯
citizen,谐褉邪卸写邪薪懈薪
customer,泻谢懈械薪褌
client,泻谢懈械薪褌
user,锌芯谢褜蟹芯胁邪褌械谢褜
visitor,锌芯褋械褌懈褌械谢褜
audience,邪褍写懈褌芯褉懈褟
employee,褋芯褌褉褍写薪懈泻
employer,褉邪斜芯褌芯写邪褌械谢褜
manager,屑械薪械写卸械褉 / 褉褍泻芯胁芯写懈褌械谢褜
director,写懈褉械泻褌芯褉
boss,薪邪褔邪谢褜薪懈泻
leader,谢懈写械褉
owner,胁谢邪写械谢械褑
founder,芯褋薪芯胁邪褌械谢褜
worker,褉邪斜芯褌薪懈泻
staff,锌械褉褋芯薪邪谢
expert,褝泻褋锌械褉褌
specialist,褋锌械褑懈邪谢懈褋褌
professional,锌褉芯褎械褋褋懈芯薪邪谢
beginner,薪芯胁懈褔芯泻
student,褋褌褍写械薪褌
pupil,褍褔械薪懈泻
teacher,褍褔懈褌械谢褜
professor,锌褉芯褎械褋褋芯褉
doctor,胁褉邪褔
nurse,屑械写褋械褋褌褉邪
engineer,懈薪卸械薪械褉
developer,褉邪蟹褉邪斜芯褌褔懈泻
programmer,锌褉芯谐褉邪屑屑懈褋褌
designer,写懈蟹邪泄薪械褉
architect,邪褉褏懈褌械泻褌芯褉
scientist,褍褔褢薪褘泄
researcher,懈褋褋谢械写芯胁邪褌械谢褜
analyst,邪薪邪谢懈褌懈泻
accountant,斜褍褏谐邪谢褌械褉
lawyer,褞褉懈褋褌
journalist,卸褍褉薪邪谢懈褋褌
writer,锌懈褋邪褌械谢褜
artist,褏褍写芯卸薪懈泻
musician,屑褍蟹褘泻邪薪褌
actor,邪泻褌褢褉
driver,胁芯写懈褌械谢褜
pilot,锌懈谢芯褌
farmer,褎械褉屑械褉
chef,锌芯胁邪褉
waiter,芯褎懈褑懈邪薪褌
seller,锌褉芯写邪胁械褑
buyer,锌芯泻褍锌邪褌械谢褜
consultant,泻芯薪褋褍谢褜褌邪薪褌
volunteer,胁芯谢芯薪褌褢褉
soldier,褋芯谢写邪褌
officer,芯褎懈褑械褉
police,锌芯谢懈褑懈褟
firefighter,锌芯卸邪褉薪褘泄
body,褌械谢芯
head,谐芯谢芯胁邪
face,谢懈褑芯
eye,谐谢邪蟹
ear,褍褏芯
nose,薪芯褋
mouth,褉芯褌
tooth,蟹褍斜
tongue,褟蟹褘泻 (芯褉谐邪薪)
lip,谐褍斜邪
neck,褕械褟
shoulder,锌谢械褔芯
arm,褉褍泻邪 (芯褌 锌谢械褔邪)
elbow,谢芯泻芯褌褜
wrist,蟹邪锌褟褋褌褜械
hand,泻懈褋褌褜 / 褉褍泻邪
finger,锌邪谢械褑
thumb,斜芯谢褜褕芯泄 锌邪谢械褑
chest,谐褉褍写褜
back,褋锌懈薪邪
stomach,卸懈胁芯褌
waist,褌邪谢懈褟
hip,斜械写褉芯
leg,薪芯谐邪
knee,泻芯谢械薪芯
ankle,谢芯写褘卸泻邪
foot,褋褌褍锌薪褟
toe,锌邪谢械褑 薪芯谐懈
skin,泻芯卸邪
bone,泻芯褋褌褜
muscle,屑褘褕褑邪
heart,褋械褉写褑械
brain,屑芯蟹谐
lung,谢褢谐泻芯械
blood,泻褉芯胁褜
nerve,薪械褉胁
health,蟹写芯褉芯胁褜械
illness,斜芯谢械蟹薪褜
disease,蟹邪斜芯谢械胁邪薪懈械
pain,斜芯谢褜
fever,卸邪褉 / 褌械屑锌械褉邪褌褍褉邪
cough,泻邪褕械谢褜
flu,谐褉懈锌锌
injury,褌褉邪胁屑邪
wound,褉邪薪邪
medicine,谢械泻邪褉褋褌胁芯
pill,褌邪斜谢械褌泻邪
treatment,谢械褔械薪懈械
cure,谢械褔械薪懈械 / 褋褉械写褋褌胁芯
surgery,芯锌械褉邪褑懈褟
hospital,斜芯谢褜薪懈褑邪
clinic,泻谢懈薪懈泻邪
pharmacy,邪锌褌械泻邪
diet,写懈械褌邪
exercise,褍锌褉邪卸薪械薪懈械 / 蟹邪褉褟写泻邪
sleep deprivation,薪械写芯褋褘锌
stress,褋褌褉械褋褋
energy,褝薪械褉谐懈褟
strength,褋懈谢邪
breath,写褘褏邪薪懈械
food,械写邪
meal,锌褉懈褢屑 锌懈褖懈
breakfast,蟹邪胁褌褉邪泻
lunch,芯斜械写
dinner,褍卸懈薪
snack,锌械褉械泻褍褋
water,胁芯写邪
tea,褔邪泄
coffee,泻芯褎械
juice,褋芯泻
milk,屑芯谢芯泻芯
bread,褏谢械斜
butter,屑邪褋谢芯 (褋谢懈胁芯褔薪芯械)
oil,屑邪褋谢芯 (褉邪褋褌懈褌械谢褜薪芯械)
cheese,褋褘褉
egg,褟泄褑芯
meat,屑褟褋芯
chicken,泻褍褉懈褑邪
beef,谐芯胁褟写懈薪邪
pork,褋胁懈薪懈薪邪
fish,褉褘斜邪
rice,褉懈褋
pasta,锌邪褋褌邪 / 屑邪泻邪褉芯薪褘
potato,泻邪褉褌芯褎械谢褜
tomato,锌芯屑懈写芯褉
onion,谢褍泻
garlic,褔械褋薪芯泻
carrot,屑芯褉泻芯胁褜
pepper,锌械褉械褑
salt,褋芯谢褜
sugar,褋邪褏邪褉
flour,屑褍泻邪
soup,褋褍锌
salad,褋邪谢邪褌
sandwich,褋褝薪写胁懈褔
fruit,褎褉褍泻褌
apple,褟斜谢芯泻芯
banana,斜邪薪邪薪
orange,邪锌械谢褜褋懈薪
lemon,谢懈屑芯薪
grape,胁懈薪芯谐褉邪写
berry,褟谐芯写邪
vegetable,芯胁芯褖
nut,芯褉械褏
honey,屑褢写
chocolate,褕芯泻芯谢邪写
cake,褌芯褉褌
cookie,锌械褔械薪褜械
ice cream,屑芯褉芯卸械薪芯械
plate,褌邪褉械谢泻邪
bowl,屑懈褋泻邪
cup,褔邪褕泻邪
glass,褋褌邪泻邪薪
fork,胁懈谢泻邪
knife,薪芯卸
spoon,谢芯卸泻邪
bottle,斜褍褌褘谢泻邪
recipe,褉械褑械锌褌
taste,胁泻褍褋
flavor,胁泻褍褋 / 邪褉芯屑邪褌
fresh produce,褋胁械卸懈械 锌褉芯写褍泻褌褘
house,写芯屑
home,写芯屑 (卸懈谢懈褖械)
apartment,泻胁邪褉褌懈褉邪
room,泻芯屑薪邪褌邪
kitchen,泻褍褏薪褟
bedroom,褋锌邪谢褜薪褟
bathroom,胁邪薪薪邪褟
living room,谐芯褋褌懈薪邪褟
office,芯褎懈褋 / 泻邪斜懈薪械褌
garage,谐邪褉邪卸
garden,褋邪写
yard,写胁芯褉
wall,褋褌械薪邪
floor,锌芯谢 / 褝褌邪卸
ceiling,锌芯褌芯谢芯泻
roof,泻褉褘褕邪
door,写胁械褉褜
window,芯泻薪芯
stairs,谢械褋褌薪懈褑邪
furniture,屑械斜械谢褜
table,褋褌芯谢
desk,锌懈褋褜屑械薪薪褘泄 褋褌芯谢
chair,褋褌褍谢
sofa,写懈胁邪薪
bed,泻褉芯胁邪褌褜
shelf,锌芯谢泻邪
drawer,褟褖懈泻
closet,褕泻邪褎 / 谐邪褉写械褉芯斜
mirror,蟹械褉泻邪谢芯
lamp,谢邪屑锌邪
light bulb,谢邪屑锌芯褔泻邪
curtain,褕褌芯褉邪
carpet,泻芯胁褢褉
pillow,锌芯写褍褕泻邪
blanket,芯写械褟谢芯
towel,锌芯谢芯褌械薪褑械
key,泻谢褞褔
lock,蟹邪屑芯泻
clock,褔邪褋褘 (薪邪褋褌械薪薪褘械)
watch,褔邪褋褘 (薪邪褉褍褔薪褘械)
phone,褌械谢械褎芯薪
charger,蟹邪褉褟写薪芯械 褍褋褌褉芯泄褋褌胁芯
battery,斜邪褌邪褉械褟 / 邪泻泻褍屑褍谢褟褌芯褉
cable,泻邪斜械谢褜
plug,胁懈谢泻邪 / 褕褌械泻械褉
socket,褉芯蟹械褌泻邪
switch,胁褘泻谢褞褔邪褌械谢褜
fridge,褏芯谢芯写懈谢褜薪懈泻
stove,锌谢懈褌邪
oven,写褍褏芯胁泻邪
microwave,屑懈泻褉芯胁芯谢薪芯胁泻邪
sink,褉邪泻芯胁懈薪邪
trash,屑褍褋芯褉
bin,屑褍褋芯褉薪芯械 胁械写褉芯
broom,屑械褌谢邪
bucket,胁械写褉芯
soap,屑褘谢芯
brush,褖褢褌泻邪
tool,懈薪褋褌褉褍屑械薪褌
hammer,屑芯谢芯褌芯泻
screwdriver,芯褌胁褢褉褌泻邪
nail,谐胁芯蟹写褜
screw,胁懈薪褌 / 褕褍褉褍锌
wire,锌褉芯胁芯写
rope,胁械褉褢胁泻邪
box,泻芯褉芯斜泻邪
bag,褋褍屑泻邪 / 锌邪泻械褌
basket,泻芯褉蟹懈薪邪
container,泻芯薪褌械泄薪械褉
jar,斜邪薪泻邪
nature,锌褉懈褉芯写邪
world,屑懈褉
earth,蟹械屑谢褟 / 袟械屑谢褟
sky,薪械斜芯
sun,褋芯谢薪褑械
moon,谢褍薪邪
star,蟹胁械蟹写邪
planet,锌谢邪薪械褌邪
space,泻芯褋屑芯褋 / 锌褉芯褋褌褉邪薪褋褌胁芯
air,胁芯蟹写褍褏
wind,胁械褌械褉
cloud,芯斜谢邪泻芯
rain,写芯卸写褜
snow,褋薪械谐
ice,谢褢写
storm,斜褍褉褟 / 褕褌芯褉屑
thunder,谐褉芯屑
lightning,屑芯谢薪懈褟
fog,褌褍屑邪薪
weather,锌芯谐芯写邪
climate,泻谢懈屑邪褌
temperature,褌械屑锌械褉邪褌褍褉邪
season,褋械蟹芯薪 / 胁褉械屑褟 谐芯写邪
spring,胁械褋薪邪
summer,谢械褌芯
autumn,芯褋械薪褜
winter,蟹懈屑邪
fire,芯谐芯薪褜
flame,锌谢邪屑褟
smoke,写褘屑
land,蟹械屑谢褟 / 褋褍褕邪
ground,蟹械屑谢褟 / 锌芯褔胁邪
soil,锌芯褔胁邪
sand,锌械褋芯泻
rock,泻邪屑械薪褜 / 褋泻邪谢邪
stone,泻邪屑械薪褜
mountain,谐芯褉邪
hill,褏芯谢屑
valley,写芯谢懈薪邪
forest,谢械褋
tree,写械褉械胁芯
wood,写械褉械胁芯 / 写褉械胁械褋懈薪邪
leaf,谢懈褋褌
flower,褑胁械褌芯泻
grass,褌褉邪胁邪
plant,褉邪褋褌械薪懈械
root,泻芯褉械薪褜
seed,褋械屑褟
field,锌芯谢械
river,褉械泻邪
lake,芯蟹械褉芯
sea,屑芯褉械
ocean,芯泻械邪薪
beach,锌谢褟卸
island,芯褋褌褉芯胁
desert,锌褍褋褌褘薪褟
wave,胁芯谢薪邪
animal,卸懈胁芯褌薪芯械
dog,褋芯斜邪泻邪
cat,泻芯褕泻邪
horse,谢芯褕邪写褜
cow,泻芯褉芯胁邪
pig,褋胁懈薪褜褟
sheep,芯胁褑邪
bird,锌褌懈褑邪
chicken bird,泻褍褉懈褑邪 (锌褌懈褑邪)
duck,褍褌泻邪
eagle,芯褉褢谢
snake,蟹屑械褟
frog,谢褟谐褍褕泻邪
insect,薪邪褋械泻芯屑芯械
bee,锌褔械谢邪
ant,屑褍褉邪胁械泄
spider,锌邪褍泻
butterfly,斜邪斜芯褔泻邪
wolf,胁芯谢泻
bear,屑械写胁械写褜
lion,谢械胁
tiger,褌懈谐褉
elephant,褋谢芯薪
monkey,芯斜械蟹褜褟薪邪
mouse,屑褘褕褜
rabbit,泻褉芯谢懈泻
country,褋褌褉邪薪邪
nation,薪邪褑懈褟 / 谐芯褋褍写邪褉褋褌胁芯
city,谐芯褉芯写
town,谐芯褉芯写芯泻
village,写械褉械胁薪褟
capital,褋褌芯谢懈褑邪
region,褉械谐懈芯薪
area,褉邪泄芯薪 / 芯斜谢邪褋褌褜
border,谐褉邪薪懈褑邪
map,泻邪褉褌邪
direction,薪邪锌褉邪胁谢械薪懈械
north,褋械胁械褉
south,褞谐
east,胁芯褋褌芯泻
west,蟹邪锌邪写
time,胁褉械屑褟
moment,屑芯屑械薪褌
second,褋械泻褍薪写邪
minute,屑懈薪褍褌邪
hour,褔邪褋
day,写械薪褜
week,薪械写械谢褟
month,屑械褋褟褑
year,谐芯写
decade,写械褋褟褌懈谢械褌懈械
century,胁械泻
today,褋械谐芯写薪褟
tomorrow,蟹邪胁褌褉邪
yesterday,胁褔械褉邪
morning,褍褌褉芯
noon,锌芯谢写械薪褜
afternoon,写械薪褜 (锌芯褋谢械 锌芯谢褍写薪褟)
evening,胁械褔械褉
night,薪芯褔褜
midnight,锌芯谢薪芯褔褜
weekend,胁褘褏芯写薪褘械
holiday,锌褉邪蟹写薪懈泻 / 芯褌锌褍褋泻
date,写邪褌邪
deadline,褋褉芯泻 / 写械写谢邪泄薪
schedule,褉邪褋锌懈褋邪薪懈械
period,锌械褉懈芯写
duration,锌褉芯写芯谢卸懈褌械谢褜薪芯褋褌褜
delay,蟹邪写械褉卸泻邪
beginning,薪邪褔邪谢芯
middle,褋械褉械写懈薪邪
end of time,泻芯薪械褑
past,锌褉芯褕谢芯械
present,薪邪褋褌芯褟褖械械
future,斜褍写褍褖械械
number,褔懈褋谢芯
amount,泻芯谢懈褔械褋褌胁芯
quantity,泻芯谢懈褔械褋褌胁芯
sum,褋褍屑屑邪
average,褋褉械写薪械械
half,锌芯谢芯胁懈薪邪
quarter,褔械褌胁械褉褌褜
third,褌褉械褌褜
pair,锌邪褉邪
dozen,写褞卸懈薪邪
couple,锌邪褉邪 / 薪械褋泻芯谢褜泻芯
few,薪械褋泻芯谢褜泻芯
several,薪械褋泻芯谢褜泻芯
many,屑薪芯谐芯
much,屑薪芯谐芯
plenty,屑薪芯卸械褋褌胁芯
enough,写芯褋褌邪褌芯褔薪芯
rest of,芯褋褌邪谢褜薪芯械
percent,锌褉芯褑械薪褌
rate,褋褌邪胁泻邪 / 褌械屑锌
ratio,褋芯芯褌薪芯褕械薪懈械
amount of,芯斜褗褢屑
clothes,芯写械卸写邪
shirt,褉褍斜邪褕泻邪
t-shirt,褎褍褌斜芯谢泻邪
trousers,斜褉褞泻懈
jeans,写卸懈薪褋褘
shorts,褕芯褉褌褘
dress,锌谢邪褌褜械
skirt,褞斜泻邪
jacket,泻褍褉褌泻邪 / 锌懈写卸邪泻
coat,锌邪谢褜褌芯
sweater,褋胁懈褌械褉
suit,泻芯褋褌褞屑
shoe,褌褍褎谢褟 / 斜芯褌懈薪芯泻
boot,褋邪锌芯谐
sock,薪芯褋芯泻
hat,褕谢褟锌邪 / 褕邪锌泻邪
cap,泻械锌泻邪
glove,锌械褉褔邪褌泻邪
scarf,褕邪褉褎
belt,褉械屑械薪褜
tie,谐邪谢褋褌褍泻
pocket,泻邪褉屑邪薪
button,锌褍谐芯胁懈褑邪 / 泻薪芯锌泻邪
zipper,屑芯谢薪懈褟 (蟹邪褋褌褢卸泻邪)
size,褉邪蟹屑械褉
fashion,屑芯写邪
style,褋褌懈谢褜
business,斜懈蟹薪械褋
company,泻芯屑锌邪薪懈褟
firm,褎懈褉屑邪
corporation,泻芯褉锌芯褉邪褑懈褟
startup,褋褌邪褉褌邪锌
industry,芯褌褉邪褋谢褜
market,褉褘薪芯泻
economy,褝泻芯薪芯屑懈泻邪
trade,褌芯褉谐芯胁谢褟
deal,褋写械谢泻邪
contract,泻芯薪褌褉邪泻褌
agreement,褋芯谐谢邪褕械薪懈械
project,锌褉芯械泻褌
task,蟹邪写邪褔邪
goal,褑械谢褜
objective,褑械谢褜 / 蟹邪写邪褔邪
target,褑械谢褜 / 锌芯泻邪蟹邪褌械谢褜
strategy,褋褌褉邪褌械谐懈褟
plan of action,锌谢邪薪 写械泄褋褌胁懈泄
budget,斜褞写卸械褌
cost,褋褌芯懈屑芯褋褌褜 / 蟹邪褌褉邪褌褘
price,褑械薪邪
profit,锌褉懈斜褘谢褜
loss,褍斜褘褌芯泻
revenue,胁褘褉褍褔泻邪
income,写芯褏芯写
expense,褉邪褋褏芯写
investment,懈薪胁械褋褌懈褑懈褟
fund,褎芯薪写 / 褋褉械写褋褌胁邪
loan,蟹邪褢屑 / 泻褉械写懈褌
debt,写芯谢谐
tax,薪邪谢芯谐
fee,褋斜芯褉 / 泻芯屑懈褋褋懈褟
salary,蟹邪褉锌谢邪褌邪
wage,蟹邪褉邪斜芯褌薪邪褟 锌谢邪褌邪
bonus,锌褉械屑懈褟 / 斜芯薪褍褋
payment,锌谢邪褌褢卸
invoice,褋褔褢褌-褎邪泻褌褍褉邪
receipt,褔械泻 / 泻胁懈褌邪薪褑懈褟
account,褋褔褢褌 / 邪泻泻邪褍薪褌
bank,斜邪薪泻
cash,薪邪谢懈褔薪褘械
currency,胁邪谢褞褌邪
exchange,芯斜屑械薪
value,褑械薪薪芯褋褌褜 / 蟹薪邪褔械薪懈械
worth,褋褌芯懈屑芯褋褌褜
asset,邪泻褌懈胁
resource,褉械褋褍褉褋
supply,锌芯褋褌邪胁泻邪 / 褋薪邪斜卸械薪懈械
demand,褋锌褉芯褋
product,锌褉芯写褍泻褌
service,褍褋谢褍谐邪
quality,泻邪褔械褋褌胁芯
brand,斜褉械薪写
sales,锌褉芯写邪卸懈
marketing,屑邪褉泻械褌懈薪谐
advertisement,褉械泻谢邪屑邪
campaign,泻邪屑锌邪薪懈褟
customer support,锌芯写写械褉卸泻邪 泻谢懈械薪褌芯胁
meeting,胁褋褌褉械褔邪 / 褋芯胁械褖邪薪懈械
presentation,锌褉械蟹械薪褌邪褑懈褟
report,芯褌褔褢褌
document,写芯泻褍屑械薪褌
file,褎邪泄谢
folder,锌邪锌泻邪
form,褎芯褉屑邪 / 斜谢邪薪泻
letter,锌懈褋褜屑芯
email,褝谢械泻褌褉芯薪薪邪褟 锌芯褔褌邪
message,褋芯芯斜褖械薪懈械
note,蟹邪屑械褌泻邪
list,褋锌懈褋芯泻
chart,写懈邪谐褉邪屑屑邪
graph,谐褉邪褎懈泻
spreadsheet,褌邪斜谢懈褑邪
template,褕邪斜谢芯薪
signature,锌芯写锌懈褋褜
stamp,锌械褔邪褌褜 / 褕褌邪屑锌
approval,芯写芯斜褉械薪懈械
permission,褉邪蟹褉械褕械薪懈械
deadline pressure,写邪胁谢械薪懈械 褋褉芯泻芯胁
priority,锌褉懈芯褉懈褌械褌
progress,锌褉芯谐褉械褋褋
result,褉械蟹褍谢褜褌邪褌
outcome,懈褌芯谐 / 褉械蟹褍谢褜褌邪褌
success,褍褋锌械褏
failure,薪械褍写邪褔邪
mistake,芯褕懈斜泻邪
problem,锌褉芯斜谢械屑邪
issue,锌褉芯斜谢械屑邪 / 胁芯锌褉芯褋
solution,褉械褕械薪懈械
decision,褉械褕械薪懈械
opportunity,胁芯蟹屑芯卸薪芯褋褌褜
risk,褉懈褋泻
benefit,胁褘谐芯写邪 / 锌芯谢褜蟹邪
advantage,锌褉械懈屑褍褖械褋褌胁芯
disadvantage,薪械写芯褋褌邪褌芯泻
responsibility,芯褌胁械褌褋褌胁械薪薪芯褋褌褜
role,褉芯谢褜
position,写芯谢卸薪芯褋褌褜 / 锌芯蟹懈褑懈褟
career,泻邪褉褜械褉邪
promotion,锌芯胁褘褕械薪懈械
interview,褋芯斜械褋械写芯胁邪薪懈械
resume,褉械蟹褞屑械
skill,薪邪胁褘泻
experience,芯锌褘褌
knowledge,蟹薪邪薪懈械
training,芯斜褍褔械薪懈械
workshop,屑邪褋褌械褉-泻谢邪褋褋
conference,泻芯薪褎械褉械薪褑懈褟
education,芯斜褉邪蟹芯胁邪薪懈械
school,褕泻芯谢邪
university,褍薪懈胁械褉褋懈褌械褌
college,泻芯谢谢械写卸
class,泻谢邪褋褋 / 蟹邪薪褟褌懈械
lesson,褍褉芯泻
course,泻褍褉褋
subject,锌褉械写屑械褌
lecture,谢械泻褑懈褟
seminar,褋械屑懈薪邪褉
homework,写芯屑邪褕薪械械 蟹邪写邪薪懈械
assignment,蟹邪写邪薪懈械
exam,褝泻蟹邪屑械薪
test paper,泻芯薪褌褉芯谢褜薪邪褟
grade,芯褑械薪泻邪
degree,褋褌械锌械薪褜 / 写懈锌谢芯屑
diploma,写懈锌谢芯屑
certificate,褋械褉褌懈褎懈泻邪褌
library,斜懈斜谢懈芯褌械泻邪
book,泻薪懈谐邪
page,褋褌褉邪薪懈褑邪
chapter,谐谢邪胁邪
paragraph,邪斜蟹邪褑
sentence,锌褉械写谢芯卸械薪懈械
word,褋谢芯胁芯
letter symbol,斜褍泻胁邪
language,褟蟹褘泻
grammar,谐褉邪屑屑邪褌懈泻邪
vocabulary,褋谢芯胁邪褉薪褘泄 蟹邪锌邪褋
meaning,蟹薪邪褔械薪懈械 / 褋屑褘褋谢
translation,锌械褉械胁芯写
example,锌褉懈屑械褉
question,胁芯锌褉芯褋
answer key,芯褌胁械褌
science,薪邪褍泻邪
research,懈褋褋谢械写芯胁邪薪懈械
experiment,褝泻褋锌械褉懈屑械薪褌
theory,褌械芯褉懈褟
fact,褎邪泻褌
evidence,写芯泻邪蟹邪褌械谢褜褋褌胁芯
proof,写芯泻邪蟹邪褌械谢褜褋褌胁芯
method,屑械褌芯写
process,锌褉芯褑械褋褋
system,褋懈褋褌械屑邪
structure,褋褌褉褍泻褌褍褉邪
function,褎褍薪泻褑懈褟
formula,褎芯褉屑褍谢邪
rule,锌褉邪胁懈谢芯
law,蟹邪泻芯薪
principle,锌褉懈薪褑懈锌
concept,泻芯薪褑械锌褑懈褟 / 锌芯薪褟褌懈械
idea,懈写械褟
model,屑芯写械谢褜
pattern,褕邪斜谢芯薪 / 锌邪褌褌械褉薪
math,屑邪褌械屑邪褌懈泻邪
number theory,褌械芯褉懈褟 褔懈褋械谢
equation,褍褉邪胁薪械薪懈械
variable,锌械褉械屑械薪薪邪褟
constant,泻芯薪褋褌邪薪褌邪
value of x,蟹薪邪褔械薪懈械
sum total,褋褍屑屑邪
difference,褉邪蟹薪芯褋褌褜
product math,锌褉芯懈蟹胁械写械薪懈械
quotient,褔邪褋褌薪芯械
fraction,写褉芯斜褜
decimal,写械褋褟褌懈褔薪邪褟 写褉芯斜褜
integer,褑械谢芯械 褔懈褋谢芯
percentage,锌褉芯褑械薪褌
addition,褋谢芯卸械薪懈械
subtraction,胁褘褔懈褌邪薪懈械
multiplication,褍屑薪芯卸械薪懈械
division,写械谢械薪懈械
square,泻胁邪写褉邪褌
root math,泻芯褉械薪褜
power,褋褌械锌械薪褜
angle,褍谐芯谢
line,谢懈薪懈褟
point,褌芯褔泻邪
shape,褎懈谐褍褉邪 / 褎芯褉屑邪
circle,泻褉褍谐
triangle,褌褉械褍谐芯谢褜薪懈泻
rectangle,锌褉褟屑芯褍谐芯谢褜薪懈泻
length,写谢懈薪邪
width,褕懈褉懈薪邪
height,胁褘褋芯褌邪
depth,谐谢褍斜懈薪邪
weight,胁械褋
mass,屑邪褋褋邪
speed,褋泻芯褉芯褋褌褜
distance,褉邪褋褋褌芯褟薪懈械
volume,芯斜褗褢屑
density,锌谢芯褌薪芯褋褌褜
force,褋懈谢邪
gravity,谐褉邪胁懈褌邪褑懈褟
pressure,写邪胁谢械薪懈械
heat,褌械锌谢芯
sound,蟹胁褍泻
chemistry,褏懈屑懈褟
physics,褎懈蟹懈泻邪
biology,斜懈芯谢芯谐懈褟
element,褝谢械屑械薪褌
atom,邪褌芯屑
molecule,屑芯谢械泻褍谢邪
cell,泻谢械褌泻邪
gene,谐械薪
species,胁懈写
feeling,褔褍胁褋褌胁芯
emotion,褝屑芯褑懈褟
mood,薪邪褋褌褉芯械薪懈械
happiness,褋褔邪褋褌褜械
joy,褉邪写芯褋褌褜
sadness,谐褉褍褋褌褜
fear,褋褌褉邪褏
anger,谐薪械胁
surprise,褍写懈胁谢械薪懈械
disgust,芯褌胁褉邪褖械薪懈械
love feeling,谢褞斜芯胁褜
hope feeling,薪邪写械卸写邪
trust,写芯胁械褉懈械
doubt,褋芯屑薪械薪懈械
worry,斜械褋锌芯泻芯泄褋褌胁芯
anxiety,褌褉械胁芯谐邪
calmness,褋锌芯泻芯泄褋褌胁懈械
confidence,褍胁械褉械薪薪芯褋褌褜
pride,谐芯褉写芯褋褌褜
shame,褋褌褘写
guilt,胁懈薪邪
jealousy,褉械胁薪芯褋褌褜 / 蟹邪胁懈褋褌褜
gratitude,斜谢邪谐芯写邪褉薪芯褋褌褜
respect,褍胁邪卸械薪懈械
sympathy,褋芯褔褍胁褋褌胁懈械
patience,褌械褉锌械薪懈械
courage,褋屑械谢芯褋褌褜
honesty,褔械褋褌薪芯褋褌褜
kindness,写芯斜褉芯褌邪
loyalty,胁械褉薪芯褋褌褜
curiosity,谢褞斜芯锌褘褌褋褌胁芯
motivation,屑芯褌懈胁邪褑懈褟
ambition,邪屑斜懈褑懈褟
desire,卸械谢邪薪懈械
need feeling,锌芯褌褉械斜薪芯褋褌褜
character,褏邪褉邪泻褌械褉
personality,谢懈褔薪芯褋褌褜
habit,锌褉懈胁褘褔泻邪
behavior,锌芯胁械写械薪懈械
attitude,芯褌薪芯褕械薪懈械 / 薪邪褋褌褉芯泄
opinion,屑薪械薪懈械
belief,褍斜械卸写械薪懈械
thought,屑褘褋谢褜
mind,褉邪蟹褍屑 / 褍屑
memory,锌邪屑褟褌褜
attention,胁薪懈屑邪薪懈械
focus,褋芯褋褉械写芯褌芯褔械薪薪芯褋褌褜
imagination,胁芯芯斜褉邪卸械薪懈械
creativity,泻褉械邪褌懈胁薪芯褋褌褜
intelligence,懈薪褌械谢谢械泻褌
wisdom,屑褍写褉芯褋褌褜
sense,褔褍胁褋褌胁芯 / 褋屑褘褋谢
reason,锌褉懈褔懈薪邪 / 褉邪蟹褍屑
purpose,褑械谢褜 / 薪邪蟹薪邪褔械薪懈械
cause,锌褉懈褔懈薪邪
effect,褋谢械写褋褌胁懈械 / 褝褎褎械泻褌
relationship,芯褌薪芯褕械薪懈褟
connection,褋胁褟蟹褜
difference between,褉邪蟹薪懈褑邪
similarity,褋褏芯写褋褌胁芯
balance,斜邪谢邪薪褋 / 褉邪胁薪芯胁械褋懈械
order,锌芯褉褟写芯泻
chaos,褏邪芯褋
freedom,褋胁芯斜芯写邪
power influence,胁谢邪褋褌褜
truth,锌褉邪胁写邪 / 懈褋褌懈薪邪
lie,谢芯卸褜
secret,褋械泻褉械褌
mystery,褌邪泄薪邪
chance,褕邪薪褋 / 褋谢褍褔邪泄薪芯褋褌褜
luck,褍写邪褔邪
fate,褋褍写褜斜邪
choice,胁褘斜芯褉
option,胁邪褉懈邪薪褌
limit,锌褉械写械谢 / 芯谐褉邪薪懈褔械薪懈械
condition,褍褋谢芯胁懈械
situation,褋懈褌褍邪褑懈褟
circumstance,芯斜褋褌芯褟褌械谢褜褋褌胁芯
context,泻芯薪褌械泻褋褌
state,褋芯褋褌芯褟薪懈械
quality trait,泻邪褔械褋褌胁芯
feature,芯褋芯斜械薪薪芯褋褌褜 / 褎褍薪泻褑懈褟
detail,写械褌邪谢褜
aspect,邪褋锌械泻褌
factor,褎邪泻褌芯褉
impact,胁芯蟹写械泄褋褌胁懈械
influence,胁谢懈褟薪懈械
change process,懈蟹屑械薪械薪懈械
growth,褉芯褋褌
progress idea,锌褉芯谐褉械褋褋
development,褉邪蟹胁懈褌懈械
improvement,褍谢褍褔褕械薪懈械
solution idea,褉械褕械薪懈械
computer,泻芯屑锌褜褞褌械褉
laptop,薪芯褍褌斜褍泻
desktop,薪邪褋褌芯谢褜薪褘泄 泻芯屑锌褜褞褌械褉
server,褋械褉胁械褉
device,褍褋褌褉芯泄褋褌胁芯
hardware,邪锌锌邪褉邪褌薪芯械 芯斜械褋锌械褔械薪懈械
software,锌褉芯谐褉邪屑屑薪芯械 芯斜械褋锌械褔械薪懈械
program,锌褉芯谐褉邪屑屑邪
application,锌褉懈谢芯卸械薪懈械
app,锌褉懈谢芯卸械薪懈械
operating system,芯锌械褉邪褑懈芯薪薪邪褟 褋懈褋褌械屑邪
screen,褝泻褉邪薪
display,写懈褋锌谢械泄
monitor device,屑芯薪懈褌芯褉
keyboard,泻谢邪胁懈邪褌褍褉邪
mouse device,屑褘褕褜
processor,锌褉芯褑械褋褋芯褉
core,褟写褉芯
memory ram,芯锌械褉邪褌懈胁薪邪褟 锌邪屑褟褌褜
storage,褏褉邪薪懈谢懈褖械
disk,写懈褋泻
drive,薪邪泻芯锌懈褌械谢褜
file system,褎邪泄谢芯胁邪褟 褋懈褋褌械屑邪
directory,泻邪褌邪谢芯谐
path,锌褍褌褜
filename,懈屑褟 褎邪泄谢邪
extension,褉邪褋褕懈褉械薪懈械 (褎邪泄谢邪)
shortcut,褟褉谢褘泻 / 褋芯褔械褌邪薪懈械 泻谢邪胁懈褕
icon,蟹薪邪褔芯泻
window ui,芯泻薪芯
menu,屑械薪褞
button ui,泻薪芯锌泻邪
toolbar,锌邪薪械谢褜 懈薪褋褌褉褍屑械薪褌芯胁
cursor,泻褍褉褋芯褉
clipboard,斜褍褎械褉 芯斜屑械薪邪
setting,薪邪褋褌褉芯泄泻邪
preference,锌褉械写锌芯褔褌械薪懈械 / 薪邪褋褌褉芯泄泻邪
feature flag,褎谢邪谐 褎褍薪泻褑懈懈
update software,芯斜薪芯胁谢械薪懈械
version,胁械褉褋懈褟
release software,褉械谢懈蟹
patch software,锌邪褌褔
bug,斜邪谐 / 芯褕懈斜泻邪
glitch,褋斜芯泄
crash,褋斜芯泄 / 锌邪写械薪懈械
freeze,蟹邪胁懈褋邪薪懈械
performance,锌褉芯懈蟹胁芯写懈褌械谢褜薪芯褋褌褜
to speed up,褍褋泻芯褉褟褌褜
to slow down,蟹邪屑械写谢褟褌褜
code,泻芯写
source code,懈褋褏芯写薪褘泄 泻芯写
programming,锌褉芯谐褉邪屑屑懈褉芯胁邪薪懈械
language prog,褟蟹褘泻 锌褉芯谐褉邪屑屑懈褉芯胁邪薪懈褟
syntax,褋懈薪褌邪泻褋懈褋
semantics,褋械屑邪薪褌懈泻邪
keyword,泻谢褞褔械胁芯械 褋谢芯胁芯
statement,芯锌械褉邪褌芯褉 / 懈薪褋褌褉褍泻褑懈褟
expression,胁褘褉邪卸械薪懈械
operator,芯锌械褉邪褌芯褉
operand,芯锌械褉邪薪写
variable prog,锌械褉械屑械薪薪邪褟
constant prog,泻芯薪褋褌邪薪褌邪
value prog,蟹薪邪褔械薪懈械
type,褌懈锌
data type,褌懈锌 写邪薪薪褘褏
integer type,褑械谢芯械 褔懈褋谢芯
float,褔懈褋谢芯 褋 锌谢邪胁邪褞褖械泄 褌芯褔泻芯泄
string,褋褌褉芯泻邪
boolean,谢芯谐懈褔械褋泻懈泄 褌懈锌
array,屑邪褋褋懈胁
list data,褋锌懈褋芯泻
tuple,泻芯褉褌械卸
set data,屑薪芯卸械褋褌胁芯
dictionary,褋谢芯胁邪褉褜
map data,芯褌芯斜褉邪卸械薪懈械 / 褋谢芯胁邪褉褜
object,芯斜褗械泻褌
instance,褝泻蟹械屑锌谢褟褉
class prog,泻谢邪褋褋
property,褋胁芯泄褋褌胁芯
attribute,邪褌褉懈斜褍褌
function prog,褎褍薪泻褑懈褟
argument,邪褉谐褍屑械薪褌
parameter,锌邪褉邪屑械褌褉
return value,胁芯蟹胁褉邪褖邪械屑芯械 蟹薪邪褔械薪懈械
default value,蟹薪邪褔械薪懈械 锌芯 褍屑芯谢褔邪薪懈褞
scope,芯斜谢邪褋褌褜 胁懈写懈屑芯褋褌懈
namespace,锌褉芯褋褌褉邪薪褋褌胁芯 懈屑褢薪
module,屑芯写褍谢褜
package,锌邪泻械褌
library prog,斜懈斜谢懈芯褌械泻邪
framework,褎褉械泄屑胁芯褉泻
dependency,蟹邪胁懈褋懈屑芯褋褌褜
import statement,懈屑锌芯褉褌
export statement,褝泻褋锌芯褉褌
declaration,芯斜褗褟胁谢械薪懈械
definition,芯锌褉械写械谢械薪懈械
condition prog,褍褋谢芯胁懈械
branch prog,胁械褌胁谢械薪懈械
loop prog,褑懈泻谢
iteration,懈褌械褉邪褑懈褟
recursion,褉械泻褍褉褋懈褟
reference,褋褋褘谢泻邪
pointer,褍泻邪蟹邪褌械谢褜
null,null / 锌褍褋褌芯
undefined,薪械芯锌褉械写械谢褢薪薪芯械
nil,nil / 薪懈褔械谐芯
flag,褎谢邪谐
counter,褋褔褢褌褔懈泻
index prog,懈薪写械泻褋
range,写懈邪锌邪蟹芯薪
sequence,锌芯褋谢械写芯胁邪褌械谢褜薪芯褋褌褜
collection,泻芯谢谢械泻褑懈褟
element prog,褝谢械屑械薪褌
key value,泻谢褞褔
pair key-value,锌邪褉邪 泻谢褞褔-蟹薪邪褔械薪懈械
node,褍蟹械谢
edge,褉械斜褉芯 (谐褉邪褎邪)
graph data,谐褉邪褎
stack,褋褌械泻
queue data,芯褔械褉械写褜
heap,泻褍褔邪
hash,褏械褕
hash table,褏械褕-褌邪斜谢懈褑邪
buffer,斜褍褎械褉
cache data,泻褝褕
token,褌芯泻械薪
literal,谢懈褌械褉邪谢
comment code,泻芯屑屑械薪褌邪褉懈泄
indentation,芯褌褋褌褍锌
whitespace,锌褉芯斜械谢褜薪褘泄 褋懈屑胁芯谢
escape character,褍锌褉邪胁谢褟褞褖懈泄 褋懈屑胁芯谢
encoding,泻芯写懈褉芯胁泻邪
bit,斜懈褌
byte,斜邪泄褌
binary,写胁芯懈褔薪褘泄
hexadecimal,褕械褋褌薪邪写褑邪褌械褉懈褔薪褘泄
inheritance,薪邪褋谢械写芯胁邪薪懈械
encapsulation,懈薪泻邪锌褋褍谢褟褑懈褟
polymorphism,锌芯谢懈屑芯褉褎懈蟹屑
abstraction,邪斜褋褌褉邪泻褑懈褟
interface,懈薪褌械褉褎械泄褋
abstract class,邪斜褋褌褉邪泻褌薪褘泄 泻谢邪褋褋
constructor,泻芯薪褋褌褉褍泻褌芯褉
destructor,写械褋褌褉褍泻褌芯褉
override method,锌械褉械芯锌褉械写械谢械薪懈械
overload,锌械褉械谐褉褍蟹泻邪
getter,谐械褌褌械褉
setter,褋械褌褌械褉
static method,褋褌邪褌懈褔械褋泻懈泄 屑械褌芯写
instance method,屑械褌芯写 褝泻蟹械屑锌谢褟褉邪
to encapsulate,懈薪泻邪锌褋褍谢懈褉芯胁邪褌褜
composition,泻芯屑锌芯蟹懈褑懈褟
generic,芯斜芯斜褖褢薪薪褘泄 褌懈锌
template prog,褕邪斜谢芯薪
closure,蟹邪屑褘泻邪薪懈械
callback,泻芯谢斜褝泻 / 芯斜褉邪褌薪褘泄 胁褘蟹芯胁
higher-order function,褎褍薪泻褑懈褟 胁褘褋褕械谐芯 锌芯褉褟写泻邪
pure function,褔懈褋褌邪褟 褎褍薪泻褑懈褟
side effect,锌芯斜芯褔薪褘泄 褝褎褎械泻褌
immutability,薪械懈蟹屑械薪褟械屑芯褋褌褜
mutable,懈蟹屑械薪褟械屑褘泄
state management,褍锌褉邪胁谢械薪懈械 褋芯褋褌芯褟薪懈械屑
event,褋芯斜褘褌懈械
event loop,褑懈泻谢 褋芯斜褘褌懈泄
listener,褋谢褍褕邪褌械谢褜
handler,芯斜褉邪斜芯褌褔懈泻
promise,锌褉芯屑懈褋
async,邪褋懈薪褏褉芯薪薪褘泄
await keyword,芯卸懈写邪薪懈械
coroutine,褋芯锌褉芯谐褉邪屑屑邪
thread,锌芯褌芯泻
process prog,锌褉芯褑械褋褋
concurrency,泻芯薪泻褍褉械薪褌薪芯褋褌褜
parallelism,锌邪褉邪谢谢械谢懈蟹屑
deadlock,胁蟹邪懈屑芯斜谢芯泻懈褉芯胁泻邪
race condition,褋芯褋褌芯褟薪懈械 谐芯薪泻懈
mutex,屑褜褞褌械泻褋
semaphore,褋械屑邪褎芯褉
atomic,邪褌芯屑邪褉薪褘泄
web,胁械斜
website,胁械斜-褋邪泄褌
webpage,胁械斜-褋褌褉邪薪懈褑邪
browser,斜褉邪褍蟹械褉
frontend,褎褉芯薪褌械薪写
backend,斜褝泻械薪写
fullstack,褎褍谢褋褌械泻
server side,褋械褉胁械褉薪邪褟 褔邪褋褌褜
markup,褉邪蟹屑械褌泻邪
element html,褝谢械屑械薪褌
tag,褌械谐
attribute html,邪褌褉懈斜褍褌
stylesheet,褌邪斜谢懈褑邪 褋褌懈谢械泄
selector,褋械谢械泻褌芯褉
layout,屑邪泻械褌 / 褉邪蟹屑械褌泻邪
responsive,邪写邪锌褌懈胁薪褘泄
component,泻芯屑锌芯薪械薪褌
state ui,褋芯褋褌芯褟薪懈械
props,褋胁芯泄褋褌胁邪 (泻芯屑锌芯薪械薪褌邪)
hook,褏褍泻
render,褉械薪写械褉懈薪谐
virtual dom,胁懈褉褌褍邪谢褜薪褘泄 DOM
template engine,褕邪斜谢芯薪懈蟹邪褌芯褉
route,屑邪褉褕褉褍褌
routing,屑邪褉褕褉褍褌懈蟹邪褑懈褟
endpoint,泻芯薪械褔薪邪褟 褌芯褔泻邪 / 褝薪写锌芯懈薪褌
request,蟹邪锌褉芯褋
response,芯褌胁械褌
header,蟹邪谐芯谢芯胁芯泻
payload,锌芯谢械蟹薪邪褟 薪邪谐褉褍蟹泻邪
body request,褌械谢芯 蟹邪锌褉芯褋邪
status code,泻芯写 褋芯褋褌芯褟薪懈褟
session,褋械褋褋懈褟
form data,写邪薪薪褘械 褎芯褉屑褘
validation,胁邪谢懈写邪褑懈褟
input,胁胁芯写 / 锌芯谢械 胁胁芯写邪
output,胁褘胁芯写
submit,芯褌锌褉邪胁泻邪
upload web,蟹邪谐褉褍蟹泻邪 (薪邪 褋械褉胁械褉)
download web,褋泻邪褔懈胁邪薪懈械
url,URL / 邪写褉械褋
domain,写芯屑械薪
subdomain,锌芯写写芯屑械薪
port,锌芯褉褌
protocol,锌褉芯褌芯泻芯谢
api,API
endpoint api,褝薪写锌芯懈薪褌 API
rest,REST
graphql,GraphQL
websocket,胁械斜-褋芯泻械褌
ajax,AJAX
json,JSON
xml,XML
yaml,YAML
query string,褋褌褉芯泻邪 蟹邪锌褉芯褋邪
query parameter,锌邪褉邪屑械褌褉 蟹邪锌褉芯褋邪
middleware,锌褉芯屑械卸褍褌芯褔薪芯械 袩袨
controller,泻芯薪褌褉芯谢谢械褉
view,锌褉械写褋褌邪胁谢械薪懈械
service prog,褋械褉胁懈褋
proxy server,锌褉芯泻褋懈-褋械褉胁械褉
load balancer,斜邪谢邪薪褋懈褉芯胁褖懈泻 薪邪谐褉褍蟹泻懈
cdn,褋械褌褜 写芯褋褌邪胁泻懈 泻芯薪褌械薪褌邪
database,斜邪蟹邪 写邪薪薪褘褏
table db,褌邪斜谢懈褑邪
row,褋褌褉芯泻邪 (蟹邪锌懈褋懈)
column,褋褌芯谢斜械褑
record,蟹邪锌懈褋褜
field db,锌芯谢械
primary key,锌械褉胁懈褔薪褘泄 泻谢褞褔
foreign key,胁薪械褕薪懈泄 泻谢褞褔
index db,懈薪写械泻褋
schema,褋褏械屑邪
query db,蟹邪锌褉芯褋
relation,芯褌薪芯褕械薪懈械 / 褋胁褟蟹褜
join,褋芯械写懈薪械薪懈械
transaction,褌褉邪薪蟹邪泻褑懈褟
commit db,褎懈泻褋邪褑懈褟
rollback db,芯褌泻邪褌
migration,屑懈谐褉邪褑懈褟
seed db,薪邪褔邪谢褜薪褘械 写邪薪薪褘械
backup db,褉械蟹械褉胁薪邪褟 泻芯锌懈褟
replication,褉械锌谢懈泻邪褑懈褟
shard,褕邪褉写
constraint,芯谐褉邪薪懈褔械薪懈械
trigger db,褌褉懈谐谐械褉
view db,锌褉械写褋褌邪胁谢械薪懈械
stored procedure,褏褉邪薪懈屑邪褟 锌褉芯褑械写褍褉邪
normalization,薪芯褉屑邪谢懈蟹邪褑懈褟
relational,褉械谢褟褑懈芯薪薪褘泄
document database,写芯泻褍屑械薪褌薪邪褟 袘袛
collection db,泻芯谢谢械泻褑懈褟
aggregation,邪谐褉械谐邪褑懈褟
pipeline,泻芯薪胁械泄械褉
orm,ORM
connection pool,锌褍谢 褋芯械写懈薪械薪懈泄
deadlock db,胁蟹邪懈屑芯斜谢芯泻懈褉芯胁泻邪
network,褋械褌褜
internet,懈薪褌械褉薪械褌
connection net,褋芯械写懈薪械薪懈械
packet,锌邪泻械褌
bandwidth,锌褉芯锌褍褋泻薪邪褟 褋锌芯褋芯斜薪芯褋褌褜
latency,蟹邪写械褉卸泻邪
throughput,锌褉芯锌褍褋泻薪邪褟 褋锌芯褋芯斜薪芯褋褌褜
firewall,屑械卸褋械褌械胁芯泄 褝泻褉邪薪
router,屑邪褉褕褉褍褌懈蟹邪褌芯褉
gateway,褕谢褞蟹
dns,DNS
ip address,IP-邪写褉械褋
tcp,TCP
udp,UDP
http,HTTP
https,HTTPS
ssl,SSL
certificate net,褋械褉褌懈褎懈泻邪褌
handshake,褉褍泻芯锌芯卸邪褌懈械
timeout,褌邪泄屑-邪褍褌
retry,锌芯胁褌芯褉
ping,锌懈薪谐
socket net,褋芯泻械褌
stream,锌芯褌芯泻 写邪薪薪褘褏
protocol stack,褋褌械泻 锌褉芯褌芯泻芯谢芯胁
deployment,褉邪蟹胁褢褉褌褘胁邪薪懈械
build,褋斜芯褉泻邪
pipeline ci,泻芯薪胁械泄械褉 CI/CD
image,芯斜褉邪蟹
registry,褉械械褋褌褉
orchestration,芯褉泻械褋褌褉邪褑懈褟
cluster,泻谢邪褋褌械褉
node infra,褍蟹械谢
pod,锌芯写
scaling,屑邪褋褕褌邪斜懈褉芯胁邪薪懈械
autoscaling,邪胁褌芯屑邪褋褕褌邪斜懈褉芯胁邪薪懈械
load,薪邪谐褉褍蟹泻邪
infrastructure,懈薪褎褉邪褋褌褉褍泻褌褍褉邪
provisioning,锌芯写谐芯褌芯胁泻邪 褉械褋褍褉褋芯胁
environment,芯泻褉褍卸械薪懈械 / 褋褉械写邪
staging,褋褌械泄写卸懈薪谐
production,锌褉芯写邪泻褕械薪 / 斜芯械胁邪褟 褋褉械写邪
rollout,胁褘泻邪褌泻邪
rollback deploy,芯褌泻邪褌
monitoring,屑芯薪懈褌芯褉懈薪谐
logging,谢芯谐懈褉芯胁邪薪懈械
log,谢芯谐 / 卸褍褉薪邪谢
metric,屑械褌褉懈泻邪
alert,芯锌芯胁械褖械薪懈械
dashboard,写邪褕斜芯褉写 / 锌邪薪械谢褜
uptime,胁褉械屑褟 褉邪斜芯褌褘
downtime,锌褉芯褋褌芯泄
availability,写芯褋褌褍锌薪芯褋褌褜
reliability,薪邪写褢卸薪芯褋褌褜
resilience,褍褋褌芯泄褔懈胁芯褋褌褜
redundancy,褉械蟹械褉胁懈褉芯胁邪薪懈械
failover,锌械褉械泻谢褞褔械薪懈械 锌褉懈 芯褌泻邪蟹械
health check,锌褉芯胁械褉泻邪 褉邪斜芯褌芯褋锌芯褋芯斜薪芯褋褌懈
virtual machine,胁懈褉褌褍邪谢褜薪邪褟 屑邪褕懈薪邪
serverless,斜械褋褋械褉胁械褉薪褘泄
storage bucket,褏褉邪薪懈谢懈褖械 / 斜邪泻械褌
queue infra,芯褔械褉械写褜
message broker,斜褉芯泻械褉 褋芯芯斜褖械薪懈泄
config,泻芯薪褎懈谐褍褉邪褑懈褟
variable env,锌械褉械屑械薪薪邪褟 芯泻褉褍卸械薪懈褟
security,斜械蟹芯锌邪褋薪芯褋褌褜
authentication,邪褍褌械薪褌懈褎懈泻邪褑懈褟
authorization,邪胁褌芯褉懈蟹邪褑懈褟
credential,褍褔褢褌薪褘械 写邪薪薪褘械
password,锌邪褉芯谢褜
username,懈屑褟 锌芯谢褜蟹芯胁邪褌械谢褟
login,胁褏芯写 / 谢芯谐懈薪
logout,胁褘褏芯写
permission access,锌褉邪胁芯 写芯褋褌褍锌邪
access,写芯褋褌褍锌
role security,褉芯谢褜
token security,褌芯泻械薪
session token,褌芯泻械薪 褋械褋褋懈懈
encryption,褕懈褎褉芯胁邪薪懈械
decryption,褉邪褋褕懈褎褉芯胁泻邪
hash function,褏械褕-褎褍薪泻褑懈褟
signature security,锌芯写锌懈褋褜
key crypto,泻谢褞褔
public key,芯褌泻褉褘褌褘泄 泻谢褞褔
private key,蟹邪泻褉褘褌褘泄 泻谢褞褔
certificate security,褋械褉褌懈褎懈泻邪褌
vulnerability,褍褟蟹胁懈屑芯褋褌褜
exploit,褝泻褋锌谢芯泄褌
attack security,邪褌邪泻邪
threat,褍谐褉芯蟹邪
breach,褍褌械褔泻邪 / 胁蟹谢芯屑
malware,胁褉械写芯薪芯褋薪芯械 袩袨
virus,胁懈褉褍褋
phishing,褎懈褕懈薪谐
injection,懈薪褗械泻褑懈褟
firewall security,斜褉邪薪写屑邪褍褝褉
audit,邪褍写懈褌
compliance,褋芯芯褌胁械褌褋褌胁懈械 褌褉械斜芯胁邪薪懈褟屑
test prog,褌械褋褌
testing,褌械褋褌懈褉芯胁邪薪懈械
unit test,屑芯写褍谢褜薪褘泄 褌械褋褌
integration test,懈薪褌械谐褉邪褑懈芯薪薪褘泄 褌械褋褌
end-to-end test,褋泻胁芯蟹薪芯泄 褌械褋褌
test case,褌械褋褌芯胁褘泄 褋谢褍褔邪泄
test suite,薪邪斜芯褉 褌械褋褌芯胁
assertion,褍褌胁械褉卸写械薪懈械
mock,蟹邪谐谢褍褕泻邪 / 屑芯泻
stub,蟹邪谐谢褍褕泻邪
fixture,褎懈泻褋褌褍褉邪
coverage,锌芯泻褉褘褌懈械
regression,褉械谐褉械褋褋懈褟
edge case,谐褉邪薪懈褔薪褘泄 褋谢褍褔邪泄
corner case,芯褋芯斜褘泄 褋谢褍褔邪泄
happy path,芯褋薪芯胁薪芯泄 褋褑械薪邪褉懈泄
failing test,锌邪写邪褞褖懈泄 褌械褋褌
flaky test,薪械褋褌邪斜懈谢褜薪褘泄 褌械褋褌
smoke test,写褘屑芯胁芯泄 褌械褋褌
load test,薪邪谐褉褍蟹芯褔薪芯械 褌械褋褌懈褉芯胁邪薪懈械
stress test,褋褌褉械褋褋-褌械褋褌
benchmark,斜械薪褔屑邪褉泻
profiling,锌褉芯褎懈谢懈褉芯胁邪薪懈械
linting,锌褉芯胁械褉泻邪 褋褌懈谢褟
formatting,褎芯褉屑邪褌懈褉芯胁邪薪懈械
code review,褉械胁褜褞 泻芯写邪
pull request,锌褍谢褉械泻胁械褋褌
merge request,蟹邪锌褉芯褋 薪邪 褋谢懈褟薪懈械
feedback,芯斜褉邪褌薪邪褟 褋胁褟蟹褜
refactoring,褉械褎邪泻褌芯褉懈薪谐
technical debt,褌械褏薪懈褔械褋泻懈泄 写芯谢谐
code smell,蟹邪锌邪褏 泻芯写邪
boilerplate,褕邪斜谢芯薪薪褘泄 泻芯写
documentation,写芯泻褍屑械薪褌邪褑懈褟
readme,README / 芯锌懈褋邪薪懈械
changelog,褋锌懈褋芯泻 懈蟹屑械薪械薪懈泄
specification,褋锌械褑懈褎懈泻邪褑懈褟
requirement,褌褉械斜芯胁邪薪懈械
acceptance criteria,泻褉懈褌械褉懈懈 锌褉懈褢屑泻懈
algorithm,邪谢谐芯褉懈褌屑
data structure,褋褌褉褍泻褌褍褉邪 写邪薪薪褘褏
complexity,褋谢芯卸薪芯褋褌褜
time complexity,胁褉械屑械薪薪邪褟 褋谢芯卸薪芯褋褌褜
space complexity,锌褉芯褋褌褉邪薪褋褌胁械薪薪邪褟 褋谢芯卸薪芯褋褌褜
big o notation,袨-薪芯褌邪褑懈褟
linear,谢懈薪械泄薪褘泄
logarithmic,谢芯谐邪褉懈褎屑懈褔械褋泻懈泄
constant time,泻芯薪褋褌邪薪褌薪芯械 胁褉械屑褟
quadratic,泻胁邪写褉邪褌懈褔薪褘泄
search algorithm,邪谢谐芯褉懈褌屑 锌芯懈褋泻邪
binary search,写胁芯懈褔薪褘泄 锌芯懈褋泻
linear search,谢懈薪械泄薪褘泄 锌芯懈褋泻
sorting,褋芯褉褌懈褉芯胁泻邪
sort algorithm,邪谢谐芯褉懈褌屑 褋芯褉褌懈褉芯胁泻懈
quicksort,斜褘褋褌褉邪褟 褋芯褉褌懈褉芯胁泻邪
merge sort,褋芯褉褌懈褉芯胁泻邪 褋谢懈褟薪懈械屑
bubble sort,锌褍蟹褘褉褜泻芯胁邪褟 褋芯褉褌懈褉芯胁泻邪
traversal,芯斜褏芯写
depth-first,锌芯懈褋泻 胁 谐谢褍斜懈薪褍
breadth-first,锌芯懈褋泻 胁 褕懈褉懈薪褍
linked list,褋胁褟蟹薪褘泄 褋锌懈褋芯泻
doubly linked list,写胁褍褋胁褟蟹薪褘泄 褋锌懈褋芯泻
binary tree,写胁芯懈褔薪芯械 写械褉械胁芯
balanced tree,褋斜邪谢邪薪褋懈褉芯胁邪薪薪芯械 写械褉械胁芯
hash map,褏械褕-褌邪斜谢懈褑邪
priority queue,芯褔械褉械写褜 褋 锌褉懈芯褉懈褌械褌芯屑
matrix,屑邪褌褉懈褑邪
vector,胁械泻褌芯褉
adjacency,褋屑械卸薪芯褋褌褜
recursion algo,褉械泻褍褉褋懈褟
backtracking,锌芯懈褋泻 褋 胁芯蟹胁褉邪褌芯屑
dynamic programming,写懈薪邪屑懈褔械褋泻芯械 锌褉芯谐褉邪屑屑懈褉芯胁邪薪懈械
greedy,卸邪写薪褘泄 邪谢谐芯褉懈褌屑
divide and conquer,褉邪蟹写械谢褟泄 懈 胁谢邪褋褌胁褍泄
memoization,屑械屑芯懈蟹邪褑懈褟
pointer arithmetic,邪褉懈褎屑械褌懈泻邪 褍泻邪蟹邪褌械谢械泄
swap,芯斜屑械薪
partition algo,褉邪蟹斜懈械薪懈械
pivot,芯锌芯褉薪褘泄 褝谢械屑械薪褌
design pattern,锌邪褌褌械褉薪 锌褉芯械泻褌懈褉芯胁邪薪懈褟
architecture,邪褉褏懈褌械泻褌褍褉邪
singleton,芯写懈薪芯褔泻邪
factory,褎邪斜褉懈泻邪
observer,薪邪斜谢褞写邪褌械谢褜
strategy pattern,褋褌褉邪褌械谐懈褟
adapter,邪写邪锌褌械褉
decorator,写械泻芯褉邪褌芯褉
facade,褎邪褋邪写
proxy pattern,蟹邪屑械褋褌懈褌械谢褜
builder,褋褌褉芯懈褌械谢褜
prototype,锌褉芯褌芯褌懈锌
dependency injection,胁薪械写褉械薪懈械 蟹邪胁懈褋懈屑芯褋褌械泄
inversion of control,懈薪胁械褉褋懈褟 褍锌褉邪胁谢械薪懈褟
separation of concerns,褉邪蟹写械谢械薪懈械 芯褌胁械褌褋褌胁械薪薪芯褋褌懈
single responsibility,械写懈薪褋褌胁械薪薪邪褟 芯褌胁械褌褋褌胁械薪薪芯褋褌褜
coupling,褋胁褟蟹邪薪薪芯褋褌褜
cohesion,褋胁褟蟹薪芯褋褌褜
modularity,屑芯写褍谢褜薪芯褋褌褜
abstraction layer,褍褉芯胁械薪褜 邪斜褋褌褉邪泻褑懈懈
microservice,屑懈泻褉芯褋械褉胁懈褋
monolith,屑芯薪芯谢懈褌
event-driven,褋芯斜褘褌懈泄薪芯-芯褉懈械薪褌懈褉芯胁邪薪薪褘泄
message queue,芯褔械褉械写褜 褋芯芯斜褖械薪懈泄
publish-subscribe,懈蟹写邪褌械谢褜-锌芯写锌懈褋褔懈泻
client-server,泻谢懈械薪褌-褋械褉胁械褉
peer-to-peer,芯写薪芯褉邪薪谐芯胁褘泄
stateless,斜械蟹 褋芯褋褌芯褟薪懈褟
stateful,褋 褋芯褋褌芯褟薪懈械屑
idempotent,懈写械屑锌芯褌械薪褌薪褘泄
scalability,屑邪褋褕褌邪斜懈褉褍械屑芯褋褌褜
maintainability,褋芯锌褉芯胁芯卸写邪械屑芯褋褌褜
extensibility,褉邪褋褕懈褉褟械屑芯褋褌褜
backward compatibility,芯斜褉邪褌薪邪褟 褋芯胁屑械褋褌懈屑芯褋褌褜
breaking change,谢芯屑邪褞褖械械 懈蟹屑械薪械薪懈械
version control,泻芯薪褌褉芯谢褜 胁械褉褋懈泄
repository,褉械锌芯蟹懈褌芯褉懈泄
repo,褉械锌芯蟹懈褌芯褉懈泄
commit version,泻芯屑屑懈褌
branch,胁械褌泻邪
master branch,谐谢邪胁薪邪褟 胁械褌泻邪
merge git,褋谢懈褟薪懈械
conflict,泻芯薪褎谢懈泻褌
rebase,锌械褉械斜邪蟹懈褉芯胁邪薪懈械
checkout git,锌械褉械泻谢褞褔械薪懈械
clone repo,泻谢芯薪懈褉芯胁邪薪懈械
fork repo,褎芯褉泻
pull git,锌芯写褌褟谐懈胁邪薪懈械 懈蟹屑械薪械薪懈泄
push git,芯褌锌褉邪胁泻邪 懈蟹屑械薪械薪懈泄
fetch git,锌芯谢褍褔械薪懈械 懈蟹屑械薪械薪懈泄
to stage,懈薪写械泻褋懈褉芯胁邪褌褜
staging area,芯斜谢邪褋褌褜 懈薪写械泻褋懈褉芯胁邪薪懈褟
working directory,褉邪斜芯褔邪褟 写懈褉械泻褌芯褉懈褟
diff,褉邪蟹谢懈褔懈械
patch git,锌邪褌褔
tag git,褌械谐
history,懈褋褌芯褉懈褟
revert,芯褌泻邪褌 泻芯屑屑懈褌邪
cherry-pick,胁褘斜芯褉 泻芯屑屑懈褌邪
blame,邪胁褌芯褉褋褌胁芯 褋褌褉芯泻
remote git,褍写邪谢褢薪薪褘泄 褉械锌芯蟹懈褌芯褉懈泄
origin,懈褋褌芯褔薪懈泻 / origin
upstream,胁褘褕械褋褌芯褟褖懈泄 褉械锌芯蟹懈褌芯褉懈泄
artificial intelligence,懈褋泻褍褋褋褌胁械薪薪褘泄 懈薪褌械谢谢械泻褌
machine learning,屑邪褕懈薪薪芯械 芯斜褍褔械薪懈械
deep learning,谐谢褍斜芯泻芯械 芯斜褍褔械薪懈械
neural network,薪械泄褉芯薪薪邪褟 褋械褌褜
model ml,屑芯写械谢褜
training data,芯斜褍褔邪褞褖懈械 写邪薪薪褘械
dataset,薪邪斜芯褉 写邪薪薪褘褏
feature ml,锌褉懈蟹薪邪泻
label,屑械褌泻邪
prediction,锌褉械写褋泻邪蟹邪薪懈械
classification,泻谢邪褋褋懈褎懈泻邪褑懈褟
regression ml,褉械谐褉械褋褋懈褟
clustering,泻谢邪褋褌械褉懈蟹邪褑懈褟
overfitting,锌械褉械芯斜褍褔械薪懈械
underfitting,薪械写芯芯斜褍褔械薪懈械
accuracy,褌芯褔薪芯褋褌褜
precision ml,褌芯褔薪芯褋褌褜 (precision)
recall,锌芯谢薪芯褌邪
loss function,褎褍薪泻褑懈褟 锌芯褌械褉褜
gradient,谐褉邪写懈械薪褌
weight ml,胁械褋
bias,褋屑械褖械薪懈械
layer,褋谢芯泄
activation,邪泻褌懈胁邪褑懈褟
backpropagation,芯斜褉邪褌薪芯械 褉邪褋锌褉芯褋褌褉邪薪械薪懈械
inference,胁褘胁芯写 / 懈薪褎械褉械薪褋
embedding,胁谢芯卸械薪懈械 / 褝屑斜械写写懈薪谐
token ml,褌芯泻械薪
prompt,锌褉芯屑锌褌 / 蟹邪锌褉芯褋
fine-tuning,写芯芯斜褍褔械薪懈械
parameter ml,锌邪褉邪屑械褌褉
hyperparameter,谐懈锌械褉锌邪褉邪屑械褌褉
epoch,褝锌芯褏邪
batch ml,锌邪泻械褌 / 斜邪褌褔
data science,薪邪褍泻邪 芯 写邪薪薪褘褏
big data,斜芯谢褜褕懈械 写邪薪薪褘械
data pipeline,泻芯薪胁械泄械褉 写邪薪薪褘褏
preprocessing,锌褉械写芯斜褉邪斜芯褌泻邪
transformation,锌褉械芯斜褉邪蟹芯胁邪薪懈械
editor,褉械写邪泻褌芯褉
ide,褋褉械写邪 褉邪蟹褉邪斜芯褌泻懈
terminal,褌械褉屑懈薪邪谢
shell,芯斜芯谢芯褔泻邪
command,泻芯屑邪薪写邪
command line,泻芯屑邪薪写薪邪褟 褋褌褉芯泻邪
prompt cli,锌褉懈谐谢邪褕械薪懈械 泻芯屑邪薪写薪芯泄 褋褌褉芯泻懈
script,褋泻褉懈锌褌
compiler,泻芯屑锌懈谢褟褌芯褉
interpreter,懈薪褌械褉锌褉械褌邪褌芯褉
debugger,芯褌谢邪写褔懈泻
breakpoint,褌芯褔泻邪 芯褋褌邪薪芯胁邪
stack trace,褌褉邪褋褋懈褉芯胁泻邪 褋褌械泻邪
log output,胁褘胁芯写 卸褍褉薪邪谢邪
console,泻芯薪褋芯谢褜
output stream,锌芯褌芯泻 胁褘胁芯写邪
error message,褋芯芯斜褖械薪懈械 芯斜 芯褕懈斜泻械
warning,锌褉械写褍锌褉械卸写械薪懈械
exception,懈褋泻谢褞褔械薪懈械
runtime,胁褉械屑褟 胁褘锌芯谢薪械薪懈褟
compile time,胁褉械屑褟 泻芯屑锌懈谢褟褑懈懈
build tool,懈薪褋褌褉褍屑械薪褌 褋斜芯褉泻懈
package manager,屑械薪械写卸械褉 锌邪泻械褌芯胁
dependency manager,屑械薪械写卸械褉 蟹邪胁懈褋懈屑芯褋褌械泄
virtual environment,胁懈褉褌褍邪谢褜薪芯械 芯泻褉褍卸械薪懈械
sandbox,锌械褋芯褔薪懈褑邪
emulator,褝屑褍谢褟褌芯褉
simulator,褋懈屑褍谢褟褌芯褉
profiler,锌褉芯褎懈谢懈褉芯胁褖懈泻
formatter,褎芯褉屑邪褌懈褉芯胁褖懈泻
linter,谢懈薪褌械褉
plugin,锌谢邪谐懈薪
extension tool,褉邪褋褕懈褉械薪懈械
snippet,褋薪懈锌锌械褌
keybinding,褋芯褔械褌邪薪懈械 泻谢邪胁懈褕
autocomplete,邪胁褌芯写芯锌芯谢薪械薪懈械
syntax highlighting,锌芯写褋胁械褌泻邪 褋懈薪褌邪泻褋懈褋邪
interface ui,懈薪褌械褉褎械泄褋
user experience,锌芯谢褜蟹芯胁邪褌械谢褜褋泻懈泄 芯锌褘褌
usability,褍写芯斜褋褌胁芯 懈褋锌芯谢褜蟹芯胁邪薪懈褟
wireframe,泻邪褉泻邪褋 / 胁邪泄褉褎褉械泄屑
mockup,屑邪泻械褌
prototype ui,锌褉芯褌芯褌懈锌
layout ui,泻芯屑锌芯薪芯胁泻邪
grid,褋械褌泻邪
spacing,芯褌褋褌褍锌褘
padding,胁薪褍褌褉械薪薪懈泄 芯褌褋褌褍锌
margin,胁薪械褕薪懈泄 芯褌褋褌褍锌
alignment,胁褘褉邪胁薪懈胁邪薪懈械
font,褕褉懈褎褌
typography,褌懈锌芯谐褉邪褎懈泻邪
color scheme,褑胁械褌芯胁邪褟 褋褏械屑邪
theme ui,褌械屑邪
dark mode,褌褢屑薪邪褟 褌械屑邪
animation,邪薪懈屑邪褑懈褟
transition ui,锌械褉械褏芯写
gesture,卸械褋褌
tap,泻邪褋邪薪懈械
swipe,褋屑邪褏懈胁邪薪懈械
scroll,锌褉芯泻褉褍褌泻邪
drag and drop,锌械褉械褌邪褋泻懈胁邪薪懈械
modal,屑芯写邪谢褜薪芯械 芯泻薪芯
dialog,写懈邪谢芯谐芯胁芯械 芯泻薪芯
tooltip,胁褋锌谢褘胁邪褞褖邪褟 锌芯写褋泻邪蟹泻邪
notification,褍胁械写芯屑谢械薪懈械
badge,蟹薪邪褔芯泻
spinner,懈薪写懈泻邪褌芯褉 蟹邪谐褉褍蟹泻懈
progress bar,懈薪写懈泻邪褌芯褉 胁褘锌芯谢薪械薪懈褟
placeholder,蟹邪锌芯谢薪懈褌械谢褜
checkbox,褎谢邪卸芯泻
radio button,锌械褉械泻谢褞褔邪褌械谢褜
dropdown,胁褘锌邪写邪褞褖懈泄 褋锌懈褋芯泻
slider,锌芯谢蟹褍薪芯泻
toggle,锌械褉械泻谢褞褔邪褌械谢褜
breadcrumb,褏谢械斜薪褘械 泻褉芯褕泻懈
sidebar,斜芯泻芯胁邪褟 锌邪薪械谢褜
navbar,锌邪薪械谢褜 薪邪胁懈谐邪褑懈懈
footer ui,锌芯写胁邪谢
mobile,屑芯斜懈谢褜薪褘泄
native app,薪邪褌懈胁薪芯械 锌褉懈谢芯卸械薪懈械
cross-platform,泻褉芯褋褋锌谢邪褌褎芯褉屑械薪薪褘泄
responsive design,邪写邪锌褌懈胁薪褘泄 写懈蟹邪泄薪
viewport,芯斜谢邪褋褌褜 锌褉芯褋屑芯褌褉邪
pixel,锌懈泻褋械谢褜
resolution,褉邪蟹褉械褕械薪懈械
orientation,芯褉懈械薪褌邪褑懈褟
to set up,薪邪褋褌褉邪懈胁邪褌褜 / 褍褋褌邪薪邪胁谢懈胁邪褌褜
to shut down,胁褘泻谢褞褔邪褌褜
to turn on,胁泻谢褞褔邪褌褜
to turn off,胁褘泻谢褞褔邪褌褜
to log in to,胁褏芯写懈褌褜 胁
to sign up,褉械谐懈褋褌褉懈褉芯胁邪褌褜褋褟
to sign in,胁褏芯写懈褌褜
to sign out,胁褘褏芯写懈褌褜
to back up,褉械蟹械褉胁懈褉芯胁邪褌褜
to carry out,胁褘锌芯谢薪褟褌褜
to figure out,褉邪蟹斜懈褉邪褌褜褋褟 / 胁褘褟褋薪褟褌褜
to find out,褍蟹薪邪胁邪褌褜
to work out,褉邪蟹斜懈褉邪褌褜褋褟 / 褉械褕邪褌褜
to sort out,褍谢邪卸懈胁邪褌褜
to point out,褍泻邪蟹褘胁邪褌褜
to bring up,锌芯写薪懈屑邪褌褜 (褌械屑褍)
to come up with,锌褉懈写褍屑褘胁邪褌褜
to end up,胁 懈褌芯谐械 芯泻邪蟹邪褌褜褋褟
to give up,褋写邪胁邪褌褜褋褟
to go on,锌褉芯写芯谢卸邪褌褜
to go through,锌褉芯褏芯写懈褌褜 褔械褉械蟹 / 锌褉芯褋屑邪褌褉懈胁邪褌褜
to look up,懈褋泻邪褌褜 (胁 褋锌褉邪胁芯褔薪懈泻械)
to look into,懈蟹褍褔邪褌褜
to look for,懈褋泻邪褌褜
to look after,蟹邪斜芯褌懈褌褜褋褟
to take care of,蟹邪斜芯褌懈褌褜褋褟 芯
to take over,斜褉邪褌褜 薪邪 褋械斜褟
to take off,胁蟹谢械褌邪褌褜 / 褋薪懈屑邪褌褜
to take out,胁褘薪懈屑邪褌褜
to put off,芯褌泻谢邪写褘胁邪褌褜
to put up with,屑懈褉懈褌褜褋褟 褋
to break down,谢芯屑邪褌褜褋褟 / 褉邪蟹斜懈胁邪褌褜
to break up,褉邪褋褋褌邪胁邪褌褜褋褟 / 褉邪蟹斜懈胁邪褌褜
to call off,芯褌屑械薪褟褌褜
to check out,锌褉芯胁械褉褟褌褜 / 胁褘械蟹卸邪褌褜
to check in,褉械谐懈褋褌褉懈褉芯胁邪褌褜褋褟
to fill out,蟹邪锌芯谢薪褟褌褜
to hand in,褋写邪胁邪褌褜
to hand out,褉邪蟹写邪胁邪褌褜
to hold on,锌芯写芯卸写邪褌褜 / 写械褉卸邪褌褜褋褟
to keep up,锌芯褋锌械胁邪褌褜
to keep on,锌褉芯写芯谢卸邪褌褜
to move on,写胁懈谐邪褌褜褋褟 写邪谢褜褕械
to pass on,锌械褉械写邪胁邪褌褜
to pick up,锌芯写斜懈褉邪褌褜 / 蟹邪斜懈褉邪褌褜
to run out of,蟹邪泻邪薪褔懈胁邪褌褜褋褟
to run into,褋谢褍褔邪泄薪芯 胁褋褌褉械褌懈褌褜
to show up,锌芯褟胁谢褟褌褜褋褟
to throw away,胁褘斜褉邪褋褘胁邪褌褜
to turn out,芯泻邪蟹褘胁邪褌褜褋褟
to turn down,芯褌泻谢芯薪褟褌褜 / 褍斜邪胁谢褟褌褜
to turn up,锌褉懈斜邪胁谢褟褌褜 / 锌芯褟胁谢褟褌褜褋褟
to get up,胁褋褌邪胁邪褌褜
to get along,谢邪写懈褌褜
to get back,胁芯蟹胁褉邪褖邪褌褜褋褟
to get rid of,懈蟹斜邪胁谢褟褌褜褋褟 芯褌
to get over,锌褉械芯写芯谢械胁邪褌褜
to go ahead,锌褉懈褋褌褍锌邪褌褜
to go back,胁芯蟹胁褉邪褖邪褌褜褋褟
to come across,薪邪褌褘泻邪褌褜褋褟 薪邪
to come back,胁芯蟹胁褉邪褖邪褌褜褋褟
to come in,胁褏芯写懈褌褜
to deal with,懈屑械褌褜 写械谢芯 褋
to focus on,褋芯褋褉械写芯褌芯褔懈褌褜褋褟 薪邪
to rely on,锌芯谢邪谐邪褌褜褋褟 薪邪
to depend on,蟹邪胁懈褋械褌褜 芯褌
to result in,锌褉懈胁芯写懈褌褜 泻
to lead to,锌褉懈胁芯写懈褌褜 泻
to cut down on,褋芯泻褉邪褖邪褌褜
to catch up,写芯谐芯薪褟褌褜
to warm up,褉邪蟹芯谐褉械胁邪褌褜
to cool down,芯褋褌褘胁邪褌褜
to speed up dev,褍褋泻芯褉褟褌褜
to slow down dev,蟹邪屑械写谢褟褌褜
to roll out,胁褘泻邪褌褘胁邪褌褜
to scale up,屑邪褋褕褌邪斜懈褉芯胁邪褌褜 胁胁械褉褏
to scale down,屑邪褋褕褌邪斜懈褉芯胁邪褌褜 胁薪懈蟹
to spin up,锌芯写薪懈屑邪褌褜 (褋械褉胁械褉)
to tear down,褉邪蟹斜懈褉邪褌褜 / 褋薪芯褋懈褌褜
to opt in,锌芯写泻谢褞褔邪褌褜褋褟
to opt out,芯褌泻邪蟹褘胁邪褌褜褋褟
to phase out,锌芯褋褌械锌械薪薪芯 褍斜懈褉邪褌褜
to plug in,锌芯写泻谢褞褔邪褌褜
to roll back,芯褌泻邪褌褘胁邪褌褜
for example,薪邪锌褉懈屑械褉
for instance,泻 锌褉懈屑械褉褍
in other words,懈薪褘屑懈 褋谢芯胁邪屑懈
that is,褌芯 械褋褌褜
in fact,薪邪 褋邪屑芯屑 写械谢械
in general,胁 芯斜褖械屑
in particular,胁 褔邪褋褌薪芯褋褌懈
on the other hand,褋 写褉褍谐芯泄 褋褌芯褉芯薪褘
on the contrary,薪邪锌褉芯褌懈胁
as a result,胁 褉械蟹褍谢褜褌邪褌械
as a matter of fact,褋芯斜褋褌胁械薪薪芯 谐芯胁芯褉褟
at least,锌芯 泻褉邪泄薪械泄 屑械褉械
at most,褋邪屑芯械 斜芯谢褜褕械械
at the same time,胁 褌芯 卸械 胁褉械屑褟
by the way,泻褋褌邪褌懈
in addition,胁写芯斜邪胁芯泻
in contrast,胁 芯褌谢懈褔懈械
in short,泻芯褉芯褔械 谐芯胁芯褉褟
in summary,锌芯写胁械写褢屑 懈褌芯谐
to sum up,锌芯写胁芯写褟 懈褌芯谐
on purpose,薪邪屑械褉械薪薪芯
by accident,褋谢褍褔邪泄薪芯
by chance,褋谢褍褔邪泄薪芯
of course,泻芯薪械褔薪芯
no matter,薪械胁邪卸薪芯
as well,褌邪泻卸械
as well as,邪 褌邪泻卸械
such as,褌邪泻芯泄 泻邪泻
according to,褋芯谐谢邪褋薪芯
due to,懈蟹-蟹邪
instead of,胁屑械褋褌芯
in order to,褔褌芯斜褘
so that,褔褌芯斜褘 / 褌邪泻 褔褌芯斜褘
as soon as,泻邪泻 褌芯谢褜泻芯
as long as,锌芯泻邪 / 锌褉懈 褍褋谢芯胁懈懈
even though,褏芯褌褟
even if,写邪卸械 械褋谢懈
as if,泻邪泻 斜褍写褌芯
rather than,邪 薪械 / 胁屑械褋褌芯
in case,薪邪 褋谢褍褔邪泄
in spite of,薪械褋屑芯褌褉褟 薪邪
regardless of,薪械蟹邪胁懈褋懈屑芯 芯褌
on average,胁 褋褉械写薪械屑
up to date,邪泻褌褍邪谢褜薪褘泄
out of date,褍褋褌邪褉械胁褕懈泄
out of order,薪械懈褋锌褉邪胁械薪
out of stock,薪械褌 胁 薪邪谢懈褔懈懈
in stock,胁 薪邪谢懈褔懈懈
on demand,锌芯 蟹邪锌褉芯褋褍
on time,胁芯胁褉械屑褟
in time,胁芯胁褉械屑褟 / 褍褋锌械褌褜
ahead of time,蟹邪褉邪薪械械
right now,锌褉褟屑芯 褋械泄褔邪褋
so far,锌芯泻邪 褔褌芯
from scratch,褋 薪褍谢褟
step by step,褕邪谐 蟹邪 褕邪谐芯屑
more or less,斜芯谢械械-屑械薪械械
a lot of,屑薪芯谐芯
a couple of,锌邪褉邪 / 薪械褋泻芯谢褜泻芯
plenty of,屑薪芯卸械褋褌胁芯
the same as,褌邪泻芯泄 卸械 泻邪泻
as usual,泻邪泻 芯斜褘褔薪芯
to make sense,懈屑械褌褜 褋屑褘褋谢
to make sure,褍斜械写懈褌褜褋褟
to take place,锌褉芯懈褋褏芯写懈褌褜
to take time,蟹邪薪懈屑邪褌褜 胁褉械屑褟
to keep in mind,懈屑械褌褜 胁 胁懈写褍
to pay attention,芯斜褉邪褖邪褌褜 胁薪懈屑邪薪懈械
on second thought,械褋谢懈 锌芯写褍屑邪褌褜
in the meantime,褌械屑 胁褉械屑械薪械屑
sooner or later,褉邪薪芯 懈谢懈 锌芯蟹写薪芯
once in a while,胁褉械屑褟 芯褌 胁褉械屑械薪懈
in the long run,胁 写芯谢谐芯褋褉芯褔薪芯泄 锌械褉褋锌械泻褌懈胁械
at first glance,薪邪 锌械褉胁褘泄 胁蟹谐谢褟写
out of the box,懈蟹 泻芯褉芯斜泻懈
under the hood,锌芯写 泻邪锌芯褌芯屑
edge case handling,芯斜褉邪斜芯褌泻邪 泻褉邪泄薪懈褏 褋谢褍褔邪械胁
race to the bottom,谐芯薪泻邪 泻芯 写薪褍
single source of truth,械写懈薪褘泄 懈褋褌芯褔薪懈泻 懈褋褌懈薪褘
separation of duties,褉邪蟹写械谢械薪懈械 芯斜褟蟹邪薪薪芯褋褌械泄
to fail fast,斜褘褋褌褉芯 锌邪写邪褌褜 (锌褉懈 芯褕懈斜泻械)
to fail gracefully,泻芯褉褉械泻褌薪芯 芯斜褉邪斜邪褌褘胁邪褌褜 褋斜芯泄
backward-compatible,芯斜褉邪褌薪芯 褋芯胁屑械褋褌懈屑褘泄
forward-compatible,褋芯胁屑械褋褌懈屑褘泄 褋 斜褍写褍褖懈屑
plug and play,锌芯写泻谢褞褔懈 懈 褉邪斜芯褌邪泄
drag-and-drop interface,懈薪褌械褉褎械泄褋 锌械褉械褌邪褋泻懈胁邪薪懈褟
to copy and paste,泻芯锌懈褉芯胁邪褌褜 懈 胁褋褌邪胁懈褌褜
trial and error,屑械褌芯写 锌褉芯斜 懈 芯褕懈斜芯泻
proof of concept,锌褉芯胁械褉泻邪 泻芯薪褑械锌褑懈懈
minimum viable product,屑懈薪懈屑邪谢褜薪芯 卸懈蟹薪械褋锌芯褋芯斜薪褘泄 锌褉芯写褍泻褌
work in progress,胁 锌褉芯褑械褋褋械 褉邪斜芯褌褘
ready to ship,谐芯褌芯胁芯 泻 胁褘锌褍褋泻褍
known issue,懈蟹胁械褋褌薪邪褟 锌褉芯斜谢械屑邪
root cause,锌械褉胁芯锌褉懈褔懈薪邪
side note,锌褉懈屑械褔邪薪懈械
rule of thumb,褝屑锌懈褉懈褔械褋泻芯械 锌褉邪胁懈谢芯
best practice,谢褍褔褕邪褟 锌褉邪泻褌懈泻邪
good practice,褏芯褉芯褕邪褟 锌褉邪泻褌懈泻邪
common pitfall,褔邪褋褌邪褟 芯褕懈斜泻邪
quick fix,斜褘褋褌褉芯械 褉械褕械薪懈械
workaround,芯斜褏芯写薪芯泄 锌褍褌褜
hotfix,褋褉芯褔薪芯械 懈褋锌褉邪胁谢械薪懈械
performance bottleneck,褍蟹泻芯械 屑械褋褌芯 锌褉芯懈蟹胁芯写懈褌械谢褜薪芯褋褌懈
memory leak,褍褌械褔泻邪 锌邪屑褟褌懈
stack overflow,锌械褉械锌芯谢薪械薪懈械 褋褌械泻邪
buffer overflow,锌械褉械锌芯谢薪械薪懈械 斜褍褎械褉邪
null pointer,薪褍谢械胁芯泄 褍泻邪蟹邪褌械谢褜
infinite loop,斜械褋泻芯薪械褔薪褘泄 褑懈泻谢
off by one,芯褕懈斜泻邪 薪邪 械写懈薪懈褑褍
default behavior,锌芯胁械写械薪懈械 锌芯 褍屑芯谢褔邪薪懈褞
expected behavior,芯卸懈写邪械屑芯械 锌芯胁械写械薪懈械
unexpected behavior,薪械芯卸懈写邪薪薪芯械 锌芯胁械写械薪懈械
side-effect free,斜械蟹 锌芯斜芯褔薪褘褏 褝褎褎械泻褌芯胁
read-only,褌芯谢褜泻芯 写谢褟 褔褌械薪懈褟
write access,写芯褋褌褍锌 薪邪 蟹邪锌懈褋褜
case sensitive,褔褍胁褋褌胁懈褌械谢褜薪褘泄 泻 褉械谐懈褋褌褉褍
case insensitive,薪械褔褍胁褋褌胁懈褌械谢褜薪褘泄 泻 褉械谐懈褋褌褉褍
street,褍谢懈褑邪
road,写芯褉芯谐邪
avenue,锌褉芯褋锌械泻褌
square place,锌谢芯褖邪写褜
bridge,屑芯褋褌
building,蟹写邪薪懈械
tower,斜邪褕薪褟
station,褋褌邪薪褑懈褟 / 胁芯泻蟹邪谢
airport,邪褝褉芯锌芯褉褌
parking,锌邪褉泻芯胁泻邪
traffic,写胁懈卸械薪懈械 / 锌褉芯斜泻懈
crossing,锌械褉械泻褉褢褋褌芯泻 / 锌械褉械褏芯写
sidewalk,褌褉芯褌褍邪褉
sign road,蟹薪邪泻
map travel,泻邪褉褌邪
route travel,屑邪褉褕褉褍褌
ticket,斜懈谢械褌
passport,锌邪褋锌芯褉褌
luggage,斜邪谐邪卸
suitcase,褔械屑芯写邪薪
backpack,褉褞泻蟹邪泻
journey,锌褍褌械褕械褋褌胁懈械
trip,锌芯械蟹写泻邪
tour,褌褍褉 / 褝泻褋泻褍褉褋懈褟
flight,褉械泄褋 / 锌芯谢褢褌
gate,胁褘褏芯写 (薪邪 锌芯褋邪写泻褍)
seat,屑械褋褌芯 / 褋懈写械薪褜械
vehicle,褌褉邪薪褋锌芯褉褌薪芯械 褋褉械写褋褌胁芯
car,邪胁褌芯屑芯斜懈谢褜
bus,邪胁褌芯斜褍褋
train,锌芯械蟹写
plane,褋邪屑芯谢褢褌
ship,泻芯褉邪斜谢褜
boat,谢芯写泻邪
bicycle,胁械谢芯褋懈锌械写
motorcycle,屑芯褌芯褑懈泻谢
taxi,褌邪泻褋懈
subway,屑械褌褉芯
truck,谐褉褍蟹芯胁懈泻
engine,写胁懈谐邪褌械谢褜
wheel,泻芯谢械褋芯
fuel,褌芯锌谢懈胁芯
speed limit,芯谐褉邪薪懈褔械薪懈械 褋泻芯褉芯褋褌懈
hotel,芯褌械谢褜
room hotel,薪芯屑械褉
reservation,斜褉芯薪懈褉芯胁邪薪懈械
destination,锌褍薪泻褌 薪邪蟹薪邪褔械薪懈械
arrival,锌褉懈斜褘褌懈械
departure,芯褌锌褉邪胁谢械薪懈械
delay travel,蟹邪写械褉卸泻邪
shop,屑邪谐邪蟹懈薪
store,屑邪谐邪蟹懈薪
mall,褌芯褉谐芯胁褘泄 褑械薪褌褉
market place,褉褘薪芯泻
shopping,锌芯泻褍锌泻懈
cart,泻芯褉蟹懈薪邪 (锌芯泻褍锌芯泻)
checkout shop,芯褎芯褉屑谢械薪懈械 蟹邪泻邪蟹邪
order shop,蟹邪泻邪蟹
delivery,写芯褋褌邪胁泻邪
return goods,胁芯蟹胁褉邪褌
refund,胁芯蟹屑械褖械薪懈械
discount,褋泻懈写泻邪
sale,褉邪褋锌褉芯写邪卸邪
offer shop,锌褉械写谢芯卸械薪懈械
coupon,泻褍锌芯薪
warranty,谐邪褉邪薪褌懈褟
brand new,薪芯胁械薪褜泻懈泄
secondhand,斜褘胁褕懈泄 胁 褍锌芯褌褉械斜谢械薪懈懈
shelf shop,锌芯谢泻邪
aisle,锌褉芯褏芯写 (屑械卸写褍 锌芯谢泻邪屑懈)
cashier,泻邪褋褋懈褉
change money,褋写邪褔邪
wallet,泻芯褕械谢褢泻
purse,泻芯褕械谢褢泻 / 褋褍屑芯褔泻邪
gift,锌芯写邪褉芯泻
package shop,锌芯褋褘谢泻邪 / 褍锌邪泻芯胁泻邪
account online,邪泻泻邪褍薪褌
profile,锌褉芯褎懈谢褜
post,锌芯褋褌 / 锌褍斜谢懈泻邪褑懈褟
comment,泻芯屑屑械薪褌邪褉懈泄
like social,谢邪泄泻
follower,锌芯写锌懈褋褔懈泻
feed,谢械薪褌邪
to share social,锌芯写械谢懈褌褜褋褟
tag social,芯褌屑械褌泻邪 / 褌械谐
hashtag,褏械褕褌械谐
link url,褋褋褘谢泻邪
search engine,锌芯懈褋泻芯胁邪褟 褋懈褋褌械屑邪
keyword search,泻谢褞褔械胁芯械 褋谢芯胁芯
content,泻芯薪褌械薪褌 / 褋芯写械褉卸懈屑芯械
media,屑械写懈邪
stream media,褌褉邪薪褋谢褟褑懈褟
video,胁懈写械芯
audio,邪褍写懈芯
podcast,锌芯写泻邪褋褌
photo,褎芯褌芯谐褉邪褎懈褟
image media,懈蟹芯斜褉邪卸械薪懈械
file upload,蟹邪谐褉褍卸邪械屑褘泄 褎邪泄谢
attachment,胁谢芯卸械薪懈械
chat,褔邪褌
group chat,谐褉褍锌锌芯胁芯泄 褔邪褌
direct message,谢懈褔薪芯械 褋芯芯斜褖械薪懈械
inbox,胁褏芯写褟褖懈械
spam,褋锌邪屑
subscription,锌芯写锌懈褋泻邪
newsletter,褉邪褋褋褘谢泻邪
advertisement online,褉械泻谢邪屑邪
banner,斜邪薪薪械褉
pop-up,胁褋锌谢褘胁邪褞褖械械 芯泻薪芯
bookmark,蟹邪泻谢邪写泻邪
tab browser,胁泻谢邪写泻邪
refresh,芯斜薪芯胁谢械薪懈械 褋褌褉邪薪懈褑褘
loading,蟹邪谐褉褍蟹泻邪
offline,芯褎谢邪泄薪
online,芯薪谢邪泄薪
status online,褋褌邪褌褍褋
username online,懈屑褟 锌芯谢褜蟹芯胁邪褌械谢褟
avatar,邪胁邪褌邪褉
emoji,褝屑芯写蟹懈
trending,胁 褌褉械薪写械
viral,胁懈褉褍褋薪褘泄
data,写邪薪薪褘械
metadata,屑械褌邪写邪薪薪褘械
field value,蟹薪邪褔械薪懈械 锌芯谢褟
key-value pair,锌邪褉邪 泻谢褞褔-蟹薪邪褔械薪懈械
nested,胁谢芯卸械薪薪褘泄
flat structure,锌谢芯褋泻邪褟 褋褌褉褍泻褌褍褉邪
array index,懈薪写械泻褋 屑邪褋褋懈胁邪
list comprehension,褋锌懈褋泻芯胁芯械 胁泻谢褞褔械薪懈械
generator,谐械薪械褉邪褌芯褉
iterator,懈褌械褉邪褌芯褉
enumerate,锌械褉械褔懈褋谢械薪懈械
slice,褋褉械蟹
concatenation,泻芯薪泻邪褌械薪邪褑懈褟
interpolation,懈薪褌械褉锌芯谢褟褑懈褟
substring,锌芯写褋褌褉芯泻邪
prefix,锌褉械褎懈泻褋
suffix,褋褍褎褎懈泻褋
delimiter,褉邪蟹写械谢懈褌械谢褜
separator,褉邪蟹写械谢懈褌械谢褜
regular expression,褉械谐褍谢褟褉薪芯械 胁褘褉邪卸械薪懈械
regex,褉械谐褍谢褟褉泻邪
pattern matching,褋芯锌芯褋褌邪胁谢械薪懈械 褋 芯斜褉邪蟹褑芯屑
wildcard,锌芯写褋褌邪薪芯胁芯褔薪褘泄 蟹薪邪泻
placeholder var,蟹邪锌芯谢薪懈褌械谢褜
format string,褋褌褉芯泻邪 褎芯褉屑邪褌邪
raw string,褋褘褉邪褟 褋褌褉芯泻邪
byte array,屑邪褋褋懈胁 斜邪泄褌芯胁
stream data,锌芯褌芯泻 写邪薪薪褘褏
chunk,斜谢芯泻 / 锌芯褉褑懈褟
batch process,锌邪泻械褌薪邪褟 芯斜褉邪斜芯褌泻邪
parse error,芯褕懈斜泻邪 褉邪蟹斜芯褉邪
schema validation,锌褉芯胁械褉泻邪 锌芯 褋褏械屑械
serialization,褋械褉懈邪谢懈蟹邪褑懈褟
deserialization,写械褋械褉懈邪谢懈蟹邪褑懈褟
marshalling,屑邪褉褕邪谢懈薪谐
checksum,泻芯薪褌褉芯谢褜薪邪褟 褋褍屑屑邪
hash value,褏械褕-蟹薪邪褔械薪懈械
unique identifier,褍薪懈泻邪谢褜薪褘泄 懈写械薪褌懈褎懈泻邪褌芯褉
uuid,UUID
timestamp,胁褉械屑械薪薪邪褟 屑械褌泻邪
epoch time,胁褉械屑褟 褝锌芯褏懈
locale,谢芯泻邪谢褜
timezone,褔邪褋芯胁芯泄 锌芯褟褋
charset,薪邪斜芯褉 褋懈屑胁芯谢芯胁
mime type,MIME-褌懈锌
input data,胁褏芯写薪褘械 写邪薪薪褘械
output data,胁褘褏芯写薪褘械 写邪薪薪褘械
return statement,芯锌械褉邪褌芯褉 胁芯蟹胁褉邪褌邪
early return,褉邪薪薪懈泄 胁芯蟹胁褉邪褌
fall through,锌褉芯胁邪谢懈胁邪薪懈械 (switch)
short circuit,泻芯褉芯褌泻芯械 蟹邪屑褘泻邪薪懈械 (谢芯谐懈泻懈)
lazy evaluation,谢械薪懈胁芯械 胁褘褔懈褋谢械薪懈械
eager evaluation,褝薪械褉谐懈褔薪芯械 胁褘褔懈褋谢械薪懈械
deep copy,谐谢褍斜芯泻邪褟 泻芯锌懈褟
shallow copy,锌芯胁械褉褏薪芯褋褌薪邪褟 泻芯锌懈褟
pass by value,锌械褉械写邪褔邪 锌芯 蟹薪邪褔械薪懈褞
pass by reference,锌械褉械写邪褔邪 锌芯 褋褋褘谢泻械
garbage collection,褋斜芯褉泻邪 屑褍褋芯褉邪
memory management,褍锌褉邪胁谢械薪懈械 锌邪屑褟褌褜褞
allocation,胁褘写械谢械薪懈械 (锌邪屑褟褌懈)
deallocation,芯褋胁芯斜芯卸写械薪懈械 (锌邪屑褟褌懈)
stack frame,泻邪写褉 褋褌械泻邪
call stack,褋褌械泻 胁褘蟹芯胁芯胁
recursion depth,谐谢褍斜懈薪邪 褉械泻褍褉褋懈懈
base case,斜邪蟹芯胁褘泄 褋谢褍褔邪泄
invariant,懈薪胁邪褉懈邪薪褌
precondition,锌褉械写褍褋谢芯胁懈械
postcondition,锌芯褋褌褍褋谢芯胁懈械
assertion error,芯褕懈斜泻邪 褍褌胁械褉卸写械薪懈褟
graceful shutdown,泻芯褉褉械泻褌薪芯械 蟹邪胁械褉褕械薪懈械
idempotency,懈写械屑锌芯褌械薪褌薪芯褋褌褜
throttling,芯谐褉邪薪懈褔械薪懈械 褔邪褋褌芯褌褘
rate limit,谢懈屑懈褌 蟹邪锌褉芯褋芯胁
debounce,褍褋褌褉邪薪械薪懈械 写褉械斜械蟹谐邪
backoff,蟹邪写械褉卸泻邪 锌械褉械写 锌芯胁褌芯褉芯屑
circuit breaker,锌褉械写芯褏褉邪薪懈褌械谢褜
retry logic,谢芯谐懈泻邪 锌芯胁褌芯褉芯胁
fallback,蟹邪锌邪褋薪芯泄 胁邪褉懈邪薪褌
feature toggle,锌械褉械泻谢褞褔邪褌械谢褜 褎褍薪泻褑懈懈
hot reload,谐芯褉褟褔邪褟 锌械褉械蟹邪谐褉褍蟹泻邪
live reload,卸懈胁邪褟 锌械褉械蟹邪谐褉褍蟹泻邪
watch mode,褉械卸懈屑 薪邪斜谢褞写械薪懈褟
dry run,锌褉芯斜薪褘泄 蟹邪锌褍褋泻
verbose,锌芯写褉芯斜薪褘泄 (胁褘胁芯写)
silent mode,褌懈褏懈泄 褉械卸懈屑
unit,械写懈薪懈褑邪 (懈蟹屑械褉械薪懈褟)
measurement,懈蟹屑械褉械薪懈械
scale science,褕泻邪谢邪
celsius,笑械谢褜褋懈泄
meter,屑械褌褉
kilometer,泻懈谢芯屑械褌褉
centimeter,褋邪薪褌懈屑械褌褉
gram,谐褉邪屑屑
kilogram,泻懈谢芯谐褉邪屑屑
liter,谢懈褌褉
joule,写卸芯褍谢褜
watt,胁邪褌褌
volt,胁芯谢褜褌
ampere,邪屑锌械褉
frequency,褔邪褋褌芯褌邪
wavelength,写谢懈薪邪 胁芯谢薪褘
energy science,褝薪械褉谐懈褟
matter,屑邪褌械褉懈褟 / 胁械褖械褋褌胁芯
liquid,卸懈写泻芯褋褌褜
solid,褌胁褢褉写芯械 褌械谢芯
gas,谐邪蟹
reaction,褉械邪泻褑懈褟
acid,泻懈褋谢芯褌邪
metal,屑械褌邪谢谢
oxygen,泻懈褋谢芯褉芯写
hydrogen,胁芯写芯褉芯写
carbon,褍谐谢械褉芯写
light science,褋胁械褌
radiation,懈蟹谢褍褔械薪懈械
magnet,屑邪谐薪懈褌
electricity,褝谢械泻褌褉懈褔械褋褌胁芯
circuit,褝谢械泻褌褉懈褔械褋泻邪褟 褑械锌褜
charge,蟹邪褉褟写
voltage,薪邪锌褉褟卸械薪懈械
sensor,写邪褌褔懈泻
signal,褋懈谐薪邪谢
frequency band,写懈邪锌邪蟹芯薪 褔邪褋褌芯褌
sport,褋锌芯褉褌
game,懈谐褉邪
match game,屑邪褌褔
team sport,泻芯屑邪薪写薪褘泄 褋锌芯褉褌
player,懈谐褉芯泻
coach,褌褉械薪械褉
referee,褋褍写褜褟
score,褋褔褢褌
goal sport,谐芯谢 / 胁芯褉芯褌邪
ball,屑褟褔
field sport,锌芯谢械
gym,褋锌芯褉褌蟹邪谢
training session,褌褉械薪懈褉芯胁泻邪
fitness,褎懈褌薪械褋
running,斜械谐
swimming,锌谢邪胁邪薪懈械
cycling,胁械谢芯褋锌芯褉褌
football,褎褍褌斜芯谢
basketball,斜邪褋泻械褌斜芯谢
tennis,褌械薪薪懈褋
chess,褕邪褏屑邪褌褘
hobby,褏芯斜斜懈
music,屑褍蟹褘泻邪
song,锌械褋薪褟
band,谐褉褍锌锌邪 (屑褍蟹褘泻邪谢褜薪邪褟)
instrument,懈薪褋褌褉褍屑械薪褌
guitar,谐懈褌邪褉邪
piano,锌懈邪薪懈薪芯
drum,斜邪褉邪斜邪薪
melody,屑械谢芯写懈褟
rhythm,褉懈褌屑
art,懈褋泻褍褋褋褌胁芯
painting,泻邪褉褌懈薪邪 / 卸懈胁芯锌懈褋褜
drawing,褉懈褋褍薪芯泻
sculpture,褋泻褍谢褜锌褌褍褉邪
museum,屑褍蟹械泄
gallery,谐邪谢械褉械褟
theater,褌械邪褌褉
movie,褎懈谢褜屑
film,褎懈谢褜屑
actor role,褉芯谢褜 邪泻褌褢褉邪
director film,褉械卸懈褋褋褢褉
scene,褋褑械薪邪
story,懈褋褌芯褉懈褟 / 褉邪褋褋泻邪蟹
novel,褉芯屑邪薪
poem,褋褌懈褏芯褌胁芯褉械薪懈械
author,邪胁褌芯褉
character story,锌械褉褋芯薪邪卸
plot,褋褞卸械褌
dance,褌邪薪械褑
photography,褎芯褌芯谐褉邪褎懈褟
camera,泻邪屑械褉邪
thing,胁械褖褜
stuff,胁械褖懈 / 褕褌褍泻懈
item,锌褉械写屑械褌 / 褝谢械屑械薪褌
part,褔邪褋褌褜
piece,泻褍褋芯泻 / 褔邪褋褌褜
section,褉邪蟹写械谢
side,褋褌芯褉芯薪邪
top,胁械褉褏
bottom,薪懈蟹
center,褑械薪褌褉
corner,褍谐芯谢
front,锌械褉褢写
end side,泻芯薪械褑
beginning side,薪邪褔邪谢芯
place,屑械褋褌芯
spot,屑械褋褌芯 / 褌芯褔泻邪
position place,锌芯谢芯卸械薪懈械
level,褍褉芯胁械薪褜
stage,褝褌邪锌 / 褋褌邪写懈褟
step,褕邪谐
turn step,芯褔械褉械写褜 / 锌芯胁芯褉芯褌
way,锌褍褌褜 / 褋锌芯褋芯斜
manner,屑邪薪械褉邪 / 褋锌芯褋芯斜
sort kind,胁懈写 / 褋芯褉褌
form shape,褎芯褉屑邪
example case,锌褉懈屑械褉
case,褋谢褍褔邪泄
event happening,褋芯斜褘褌懈械
action,写械泄褋褌胁懈械
activity,写械褟褌械谢褜薪芯褋褌褜
behavior thing,锌芯胁械写械薪懈械
movement,写胁懈卸械薪懈械
event general,屑械褉芯锌褉懈褟褌懈械
moment time,屑芯屑械薪褌
fact thing,褎邪泻褌
point idea,褋褍褌褜 / 屑芯屑械薪褌
matter subject,胁芯锌褉芯褋 / 写械谢芯
topic,褌械屑邪
theme,褌械屑邪
field area,芯斜谢邪褋褌褜
subject area,锌褉械写屑械褌
scope area,褉邪屑泻懈 / 芯褏胁邪褌
view opinion,胁蟹谐谢褟写 / 屑薪械薪懈械
sense meaning,褋屑褘褋谢
word meaning,蟹薪邪褔械薪懈械 褋谢芯胁邪
name,懈屑褟 / 薪邪蟹胁邪薪懈械
title,蟹邪谐芯谢芯胁芯泻 / 蟹胁邪薪懈械
label tag,褟褉谢褘泻
sign symbol,蟹薪邪泻
symbol,褋懈屑胁芯谢
mark,芯褌屑械褌泻邪
note thing,蟹邪屑械褌泻邪
record thing,蟹邪锌懈褋褜
copy,泻芯锌懈褟
original,芯褉懈谐懈薪邪谢
version thing,胁邪褉懈邪薪褌 / 胁械褉褋懈褟
to consider,褉邪褋褋屑邪褌褉懈胁邪褌褜
to assume,锌褉械写锌芯谢邪谐邪褌褜
to expect,芯卸懈写邪褌褜
to suppose,锌芯谢邪谐邪褌褜
to imagine,锌褉械写褋褌邪胁谢褟褌褜
to guess,褍谐邪写褘胁邪褌褜 / 锌褉械写锌芯谢邪谐邪褌褜
to realize,芯褋芯蟹薪邪胁邪褌褜
to wonder,懈薪褌械褉械褋芯胁邪褌褜褋褟 / 谐邪写邪褌褜
to mention,褍锌芯屑懈薪邪褌褜
to note down,蟹邪锌懈褋褘胁邪褌褜
to define,芯锌褉械写械谢褟褌褜
to refer,褋褋褘谢邪褌褜褋褟
to relate,褋胁褟蟹褘胁邪褌褜 / 芯褌薪芯褋懈褌褜褋褟
to apply to,芯褌薪芯褋懈褌褜褋褟 泻
to affect,胁谢懈褟褌褜
to depend,蟹邪胁懈褋械褌褜
to cause to,胁褘蟹褘胁邪褌褜
to allow for,褍褔懈褌褘胁邪褌褜
to indicate,褍泻邪蟹褘胁邪褌褜
to imply,锌芯写褉邪蟹褍屑械胁邪褌褜
to reveal,褉邪褋泻褉褘胁邪褌褜
to expose,褉邪褋泻褉褘胁邪褌褜 / 锌芯写胁械褉谐邪褌褜
to demonstrate,写械屑芯薪褋褌褉懈褉芯胁邪褌褜
to illustrate,懈谢谢褞褋褌褉懈褉芯胁邪褌褜
to clarify,锌褉芯褟褋薪褟褌褜
to emphasize,锌芯写褔褢褉泻懈胁邪褌褜
to highlight,胁褘写械谢褟褌褜
to focus,褋芯褋褉械写芯褌邪褔懈胁邪褌褜
to ignore,懈谐薪芯褉懈褉芯胁邪褌褜
to skip,锌褉芯锌褍褋泻邪褌褜
to omit,芯锌褍褋泻邪褌褜 / 锌褉芯锌褍褋泻邪褌褜
to delay action,芯褌泻谢邪写褘胁邪褌褜
to hesitate,泻芯谢械斜邪褌褜褋褟
to struggle,斜芯褉芯褌褜褋褟 / 褋 褌褉褍写芯屑 褋锌褉邪胁谢褟褌褜褋褟
to manage to,褋褍屑械褌褜
to succeed,锌褉械褍褋锌械胁邪褌褜
to fail,褌械褉锌械褌褜 薪械褍写邪褔褍
to afford,锌芯蟹胁芯谢褟褌褜 褋械斜械
to deserve,蟹邪褋谢褍卸懈胁邪褌褜
to owe,斜褘褌褜 写芯谢卸薪褘屑
to predict,锌褉械写褋泻邪蟹褘胁邪褌褜
to prevent from,屑械褕邪褌褜
to encourage,锌芯芯褖褉褟褌褜
to motivate,屑芯褌懈胁懈褉芯胁邪褌褜
to inspire,胁写芯褏薪芯胁谢褟褌褜
to convince,褍斜械卸写邪褌褜
to persuade,褍谐芯胁邪褉懈胁邪褌褜
to influence verb,胁谢懈褟褌褜
to impress,胁锌械褔邪褌谢褟褌褜
to satisfy,褍写芯胁谢械褌胁芯褉褟褌褜
to disappoint,褉邪蟹芯褔邪褉芯胁褘胁邪褌褜
to surprise verb,褍写懈胁谢褟褌褜
to confuse,褋斜懈胁邪褌褜 褋 褌芯谢泻褍
to bother,斜械褋锌芯泻芯懈褌褜
to annoy,褉邪蟹写褉邪卸邪褌褜
to frustrate,褉邪褋褋褌褉邪懈胁邪褌褜
to threaten,褍谐褉芯卸邪褌褜
to blame,芯斜胁懈薪褟褌褜
to accuse,芯斜胁懈薪褟褌褜
to forgive,锌褉芯褖邪褌褜
to trust verb,写芯胁械褉褟褌褜
to suspect,锌芯写芯蟹褉械胁邪褌褜
to ensure,芯斜械褋锌械褔懈胁邪褌褜
to guarantee,谐邪褉邪薪褌懈褉芯胁邪褌褜
to remain,芯褋褌邪胁邪褌褜褋褟
to exist,褋褍褖械褋褌胁芯胁邪褌褜
to occur to,锌褉懈褏芯写懈褌褜 胁 谐芯谢芯胁褍
to arise,胁芯蟹薪懈泻邪褌褜
to involve in,胁芯胁谢械泻邪褌褜 胁
to consist of,褋芯褋褌芯褟褌褜 懈蟹
to depend upon,锌芯谢邪谐邪褌褜褋褟 薪邪
to contribute to,褋锌芯褋芯斜褋褌胁芯胁邪褌褜
to react,褉械邪谐懈褉芯胁邪褌褜
to respond to,芯褌胁械褔邪褌褜 薪邪
to adapt,邪写邪锌褌懈褉芯胁邪褌褜
to adjust,褉械谐褍谢懈褉芯胁邪褌褜 / 薪邪褋褌褉邪懈胁邪褌褜
to modify,懈蟹屑械薪褟褌褜
to transform,锌褉械芯斜褉邪蟹芯胁褘胁邪褌褜
to convert,锌褉械芯斜褉邪蟹芯胁褘胁邪褌褜
to translate,锌械褉械胁芯写懈褌褜
to interpret,懈薪褌械褉锌褉械褌懈褉芯胁邪褌褜
to represent,锌褉械写褋褌邪胁谢褟褌褜
to reflect,芯褌褉邪卸邪褌褜
to contain within,褋芯写械褉卸邪褌褜 胁 褋械斜械
to generate,谐械薪械褉懈褉芯胁邪褌褜
to produce,锌褉芯懈蟹胁芯写懈褌褜
to construct,泻芯薪褋褌褉褍懈褉芯胁邪褌褜
to assemble,褋芯斜懈褉邪褌褜
to disassemble,褉邪蟹斜懈褉邪褌褜
to combine into,芯斜褗械写懈薪褟褌褜 胁
to integrate,懈薪褌械谐褉懈褉芯胁邪褌褜
to coordinate,泻芯芯褉写懈薪懈褉芯胁邪褌褜
to synchronize,褋懈薪褏褉芯薪懈蟹懈褉芯胁邪褌褜
to align,胁褘褉邪胁薪懈胁邪褌褜
to distribute,褉邪褋锌褉械写械谢褟褌褜
to assign,薪邪蟹薪邪褔邪褌褜
to delegate,写械谢械谐懈褉芯胁邪褌褜
to prioritize,褉邪褋褋褌邪胁谢褟褌褜 锌褉懈芯褉懈褌械褌褘
to evaluate,芯褑械薪懈胁邪褌褜
to assess,芯褑械薪懈胁邪褌褜
to analyze,邪薪邪谢懈蟹懈褉芯胁邪褌褜
to investigate,褉邪褋褋谢械写芯胁邪褌褜
to examine,懈褋褋谢械写芯胁邪褌褜
to inspect,芯褋屑邪褌褉懈胁邪褌褜
to observe,薪邪斜谢褞写邪褌褜
to record action,蟹邪锌懈褋褘胁邪褌褜 / 褎懈泻褋懈褉芯胁邪褌褜
to track,芯褌褋谢械卸懈胁邪褌褜
to measure out,芯褌屑械褉褟褌褜
codebase,泻芯写芯胁邪褟 斜邪蟹邪
snippet code,褎褉邪谐屑械薪褌 泻芯写邪
function call,胁褘蟹芯胁 褎褍薪泻褑懈懈
return type,褌懈锌 胁芯蟹胁褉邪褌邪
overload signature,锌械褉械谐褉褍蟹泻邪 褋懈谐薪邪褌褍褉褘
parameter list,褋锌懈褋芯泻 锌邪褉邪屑械褌褉芯胁
default argument,邪褉谐褍屑械薪褌 锌芯 褍屑芯谢褔邪薪懈褞
keyword argument,懈屑械薪芯胁邪薪薪褘泄 邪褉谐褍屑械薪褌
positional argument,锌芯蟹懈褑懈芯薪薪褘泄 邪褉谐褍屑械薪褌
variadic,锌械褉械屑械薪薪芯械 褔懈褋谢芯 邪褉谐褍屑械薪褌芯胁
anonymous function,邪薪芯薪懈屑薪邪褟 褎褍薪泻褑懈褟
lambda,谢褟屑斜写邪
arrow function,褋褌褉械谢芯褔薪邪褟 褎褍薪泻褑懈褟
first-class function,褎褍薪泻褑懈褟 锌械褉胁芯谐芯 泻谢邪褋褋邪
type annotation,邪薪薪芯褌邪褑懈褟 褌懈锌邪
type inference,胁褘胁芯写 褌懈锌邪
type checking,锌褉芯胁械褉泻邪 褌懈锌芯胁
static typing,褋褌邪褌懈褔械褋泻邪褟 褌懈锌懈蟹邪褑懈褟
dynamic typing,写懈薪邪屑懈褔械褋泻邪褟 褌懈锌懈蟹邪褑懈褟
strong typing,褋褌褉芯谐邪褟 褌懈锌懈蟹邪褑懈褟
weak typing,褋谢邪斜邪褟 褌懈锌懈蟹邪褑懈褟
type cast,锌褉懈胁械写械薪懈械 褌懈锌邪
type coercion,薪械褟胁薪芯械 锌褉懈胁械写械薪懈械
enum,锌械褉械褔懈褋谢械薪懈械
struct,褋褌褉褍泻褌褍褉邪
union type,芯斜褗械写懈薪械薪懈械 褌懈锌芯胁
generic type,芯斜芯斜褖褢薪薪褘泄 褌懈锌
type parameter,锌邪褉邪屑械褌褉 褌懈锌邪
nullable,写芯锌褍褋泻邪褞褖懈泄 null
optional,薪械芯斜褟蟹邪褌械谢褜薪褘泄
default export,褝泻褋锌芯褉褌 锌芯 褍屑芯谢褔邪薪懈褞
named export,懈屑械薪芯胁邪薪薪褘泄 褝泻褋锌芯褉褌
re-export,褉械褝泻褋锌芯褉褌
circular dependency,褑懈泻谢懈褔械褋泻邪褟 蟹邪胁懈褋懈屑芯褋褌褜
side module,胁褋锌芯屑芯谐邪褌械谢褜薪褘泄 屑芯写褍谢褜
entry point,褌芯褔泻邪 胁褏芯写邪
build artifact,邪褉褌械褎邪泻褌 褋斜芯褉泻懈
bundle,斜邪薪写谢 / 锌邪泻械褌
minification,屑懈薪懈褎懈泻邪褑懈褟
tree shaking,褍褋褌褉邪薪械薪懈械 屑褢褉褌胁芯谐芯 泻芯写邪
source map,泻邪褉褌邪 懈褋褏芯写薪懈泻芯胁
transpile,褌褉邪薪褋锌懈谢褟褑懈褟
polyfill,锌芯谢懈褎懈谢
shim,锌褉芯褋谢芯泄泻邪
hot module replacement,谐芯褉褟褔邪褟 蟹邪屑械薪邪 屑芯写褍谢械泄
watcher,薪邪斜谢褞写邪褌械谢褜 蟹邪 褎邪泄谢邪屑懈
file watcher,芯褌褋谢械卸懈胁邪薪懈械 褎邪泄谢芯胁
glob pattern,褕邪斜谢芯薪 锌褍褌械泄
working tree,褉邪斜芯褔械械 写械褉械胁芯
detached head,芯褌褋芯械写懈薪褢薪薪褘泄 HEAD
merge conflict,泻芯薪褎谢懈泻褌 褋谢懈褟薪懈褟
fast-forward,锌械褉械屑芯褌泻邪 胁锌械褉褢写
squash,褋卸邪褌懈械 泻芯屑屑懈褌芯胁
amend,锌褉邪胁泻邪 泻芯屑屑懈褌邪
hunk,褎褉邪谐屑械薪褌 懈蟹屑械薪械薪懈泄
patch file,褎邪泄谢 锌邪褌褔邪
endpoint http,泻芯薪械褔薪邪褟 褌芯褔泻邪
http method,HTTP-屑械褌芯写
get request,GET-蟹邪锌褉芯褋
post request,POST-蟹邪锌褉芯褋
put request,PUT-蟹邪锌褉芯褋
delete request,DELETE-蟹邪锌褉芯褋
patch request,PATCH-蟹邪锌褉芯褋
request header,蟹邪谐芯谢芯胁芯泻 蟹邪锌褉芯褋邪
response header,蟹邪谐芯谢芯胁芯泻 芯褌胁械褌邪
content type,褌懈锌 褋芯写械褉卸懈屑芯谐芯
status ok,褋褌邪褌褍褋 200
not found,薪械 薪邪泄写械薪芯 (404)
bad request,薪械胁械褉薪褘泄 蟹邪锌褉芯褋 (400)
unauthorized,薪械 邪胁褌芯褉懈蟹芯胁邪薪 (401)
forbidden,蟹邪锌褉械褖械薪芯 (403)
server error,芯褕懈斜泻邪 褋械褉胁械褉邪 (500)
redirect,锌械褉械薪邪锌褉邪胁谢械薪懈械
caching header,蟹邪谐芯谢芯胁芯泻 泻褝褕懈褉芯胁邪薪懈褟
rate limiting,芯谐褉邪薪懈褔械薪懈械 蟹邪锌褉芯褋芯胁
pagination,锌邪谐懈薪邪褑懈褟
sorting param,锌邪褉邪屑械褌褉 褋芯褉褌懈褉芯胁泻懈
filtering,褎懈谢褜褌褉邪褑懈褟
query builder,锌芯褋褌褉芯懈褌械谢褜 蟹邪锌褉芯褋芯胁
request body,褌械谢芯 蟹邪锌褉芯褋邪
response body,褌械谢芯 芯褌胁械褌邪
api key,泻谢褞褔 API
bearer token,褌芯泻械薪 Bearer
refresh token,褌芯泻械薪 芯斜薪芯胁谢械薪懈褟
access token,褌芯泻械薪 写芯褋褌褍锌邪
oauth,OAuth
webhook,胁械斜-褏褍泻
callback url,URL 芯斜褉邪褌薪芯谐芯 胁褘蟹芯胁邪
idempotency key,泻谢褞褔 懈写械屑锌芯褌械薪褌薪芯褋褌懈
content negotiation,褋芯谐谢邪褋芯胁邪薪懈械 褋芯写械褉卸懈屑芯谐芯
cors,CORS
preflight,锌褉械写胁邪褉懈褌械谢褜薪褘泄 蟹邪锌褉芯褋
scalable,屑邪褋褕褌邪斜懈褉褍械屑褘泄
maintainable,褋芯锌褉芯胁芯卸写邪械屑褘泄
testable,褌械褋褌懈褉褍械屑褘泄
readable,褔懈褌邪械屑褘泄
reusable,锌械褉械懈褋锌芯谢褜蟹褍械屑褘泄
configurable,薪邪褋褌褉邪懈胁邪械屑褘泄
extensible,褉邪褋褕懈褉褟械屑褘泄
portable,锌械褉械薪芯褋懈屑褘泄
compatible,褋芯胁屑械褋褌懈屑褘泄
deprecated,褍褋褌邪褉械胁褕懈泄
experimental,褝泻褋锌械褉懈屑械薪褌邪谢褜薪褘泄
stable release,褋褌邪斜懈谢褜薪褘泄
unstable build,薪械褋褌邪斜懈谢褜薪褘泄
verbose mode,锌芯写褉芯斜薪褘泄
concise,谢邪泻芯薪懈褔薪褘泄
redundant,懈蟹斜褘褌芯褔薪褘泄
optional param,薪械芯斜褟蟹邪褌械谢褜薪褘泄
required field,芯斜褟蟹邪褌械谢褜薪褘泄
mandatory,芯斜褟蟹邪褌械谢褜薪褘泄
nullable field,芯斜薪褍谢褟械屑褘泄
immutable,薪械懈蟹屑械薪褟械屑褘泄
mutable state,懈蟹屑械薪褟械屑褘泄
synchronous,褋懈薪褏褉芯薪薪褘泄
asynchronous,邪褋懈薪褏褉芯薪薪褘泄
blocking,斜谢芯泻懈褉褍褞褖懈泄
non-blocking,薪械斜谢芯泻懈褉褍褞褖懈泄
thread-safe,锌芯褌芯泻芯斜械蟹芯锌邪褋薪褘泄
deterministic,写械褌械褉屑懈薪懈褉芯胁邪薪薪褘泄
non-deterministic,薪械写械褌械褉屑懈薪懈褉芯胁邪薪薪褘泄
backward compatible,芯斜褉邪褌薪芯 褋芯胁屑械褋褌懈屑褘泄
forward compatible,锌褉褟屑芯 褋芯胁屑械褋褌懈屑褘泄
human-readable,褍写芯斜芯褔懈褌邪械屑褘泄
machine-readable,屑邪褕懈薪芯褔懈褌邪械屑褘泄
zero,薪芯谢褜
one,芯写懈薪
two,写胁邪
three,褌褉懈
four,褔械褌褘褉械
five,锌褟褌褜
ten,写械褋褟褌褜
hundred,褋褌芯
thousand,褌褘褋褟褔邪
million,屑懈谢谢懈芯薪
billion,屑懈谢谢懈邪褉写
first,锌械褉胁褘泄
second order,胁褌芯褉芯泄
third order,褌褉械褌懈泄
last,锌芯褋谢械写薪懈泄
next order,褋谢械写褍褞褖懈泄
previous order,锌褉械写褘写褍褖懈泄
once,芯写薪邪卸写褘 / 芯写懈薪 褉邪蟹
twice,写胁邪卸写褘
double amount,胁写胁芯械
triple,胁褌褉芯械
single one,械写懈薪懈褔薪褘泄
both,芯斜邪
each,泻邪卸写褘泄
every,泻邪卸写褘泄
none,薪懈 芯写懈薪
all,胁褋械
some,薪械泻芯褌芯褉褘械
any,谢褞斜芯泄
most,斜芯谢褜褕懈薪褋褌胁芯
least,薪邪懈屑械薪褜褕懈泄
more,斜芯谢褜褕械
less,屑械薪褜褕械
equal amount,褉邪胁薪褘泄
goal setting,锌芯褋褌邪薪芯胁泻邪 褑械谢械泄
to-do list,褋锌懈褋芯泻 写械谢
checklist,泻芯薪褌褉芯谢褜薪褘泄 褋锌懈褋芯泻
reminder,薪邪锌芯屑懈薪邪薪懈械
appointment,锌褉懈褢屑 / 胁褋褌褉械褔邪
agenda,锌芯胁械褋褌泻邪 写薪褟
minutes meeting,锌褉芯褌芯泻芯谢 胁褋褌褉械褔懈
follow-up,锌芯褋谢械写褍褞褖懈械 写械泄褋褌胁懈褟
update status,芯斜薪芯胁谢械薪懈械 褋褌邪褌褍褋邪
status report,芯褌褔褢褌 芯 褋褌邪褌褍褋械
milestone,胁械褏邪
roadmap,写芯褉芯卸薪邪褟 泻邪褉褌邪
backlog,斜褝泻谢芯谐
sprint,褋锌褉懈薪褌
standup,锌谢邪薪褢褉泻邪
retrospective,褉械褌褉芯褋锌械泻褌懈胁邪
stakeholder,蟹邪懈薪褌械褉械褋芯胁邪薪薪邪褟 褋褌芯褉芯薪邪
scope creep,褉邪褋锌芯谢蟹邪薪懈械 谐褉邪薪懈褑
trade-off,泻芯屑锌褉芯屑懈褋褋
constraint biz,芯谐褉邪薪懈褔械薪懈械
assumption,写芯锌褍褖械薪懈械
estimate biz,芯褑械薪泻邪
forecast,锌褉芯谐薪芯蟹
metric biz,锌芯泻邪蟹邪褌械谢褜
benchmark biz,褝褌邪谢芯薪
baseline,斜邪蟹芯胁褘泄 褍褉芯胁械薪褜
threshold,锌芯褉芯谐
trend,褌械薪写械薪褑懈褟
insight,胁褘胁芯写 / 懈薪褋邪泄褌
takeaway,谐谢邪胁薪褘泄 胁褘胁芯写
overview,芯斜蟹芯褉
summary,褋胁芯写泻邪
breakdown,褉邪蟹斜懈胁泻邪
highlight biz,泻谢褞褔械胁芯泄 屑芯屑械薪褌
bottleneck,褍蟹泻芯械 屑械褋褌芯
workflow,褉邪斜芯褔懈泄 锌褉芯褑械褋褋
process flow,褏芯写 锌褉芯褑械褋褋邪
handoff,锌械褉械写邪褔邪 写械谢
ownership,芯褌胁械褌褋褌胁械薪薪芯褋褌褜 / 胁谢邪写械薪懈械
accountability,锌芯写芯褌褔褢褌薪芯褋褌褜
alignment biz,褋芯谐谢邪褋芯胁邪薪薪芯褋褌褜
buy-in,锌芯写写械褉卸泻邪 / 褋芯谐谢邪褋懈械
onboarding,邪写邪锌褌邪褑懈褟 / 芯薪斜芯褉写懈薪谐
offboarding,芯褌泻谢褞褔械薪懈械 褋芯褌褉褍写薪懈泻邪
headcount,褕褌邪褌
turnover,褌械泻褍褔泻邪 / 芯斜芯褉芯褌
retention,褍写械褉卸邪薪懈械
engagement,胁芯胁谢械褔褢薪薪芯褋褌褜
churn,芯褌褌芯泻
conversion,泻芯薪胁械褉褋懈褟
funnel,胁芯褉芯薪泻邪
lead,谢懈写 / 蟹邪褑械锌泻邪
pipeline sales,胁芯褉芯薪泻邪 锌褉芯写邪卸
quota,泻胁芯褌邪
overhead,薪邪泻谢邪写薪褘械 褉邪褋褏芯写褘
cash flow,写械薪械卸薪褘泄 锌芯褌芯泻
break-even,褌芯褔泻邪 斜械蟹褍斜褘褌芯褔薪芯褋褌懈
valuation,芯褑械薪泻邪 褋褌芯懈屑芯褋褌懈
equity,写芯谢褟 / 泻邪锌懈褌邪谢
stake,写芯谢褟
share stock,邪泻褑懈褟
shareholder,邪泻褑懈芯薪械褉
dividend,写懈胁懈写械薪写
merger,褋谢懈褟薪懈械
acquisition,锌芯谐谢芯褖械薪懈械
partnership,锌邪褉褌薪褢褉褋褌胁芯
vendor,锌芯褋褌邪胁褖懈泻
supplier,锌芯褋褌邪胁褖懈泻
contractor,锌芯写褉褟写褔懈泻
freelancer,褎褉懈谢邪薪褋械褉
remote work,褍写邪谢褢薪薪邪褟 褉邪斜芯褌邪
hybrid work,谐懈斜褉懈写薪邪褟 褉邪斜芯褌邪
overtime,褋胁械褉褏褍褉芯褔薪褘械
shift,褋屑械薪邪
break time,锌械褉械褉褘胁
leave,芯褌锌褍褋泻
vacation,芯褌锌褍褋泻
sick leave,斜芯谢褜薪懈褔薪褘泄
benefits,谢褜谐芯褌褘 / 褋芯褑锌邪泻械褌
raise pay,锌芯胁褘褕械薪懈械 蟹邪褉锌谢邪褌褘
performance review,芯褑械薪泻邪 褉邪斜芯褌褘
feedback loop,褑懈泻谢 芯斜褉邪褌薪芯泄 褋胁褟蟹懈
one-on-one,胁褋褌褉械褔邪 芯写懈薪 薪邪 芯写懈薪
mentor,薪邪褋褌邪胁薪懈泻
mentee,锌芯写芯锌械褔薪褘泄
peer,泻芯谢谢械谐邪 / 褉邪胁薪褘泄
cross-functional,屑械卸褎褍薪泻褑懈芯薪邪谢褜薪褘泄
deliverable,褉械蟹褍谢褜褌邪褌 褉邪斜芯褌褘
artifact,邪褉褌械褎邪泻褌
to deliver value,锌褉懈薪芯褋懈褌褜 褑械薪薪芯褋褌褜
prioritization,褉邪褋褋褌邪薪芯胁泻邪 锌褉懈芯褉懈褌械褌芯胁
estimation,芯褑械薪泻邪 褌褉褍写芯蟹邪褌褉邪褌
velocity,褋泻芯褉芯褋褌褜 泻芯屑邪薪写褘
capacity,锌褉芯锌褍褋泻薪邪褟 褋锌芯褋芯斜薪芯褋褌褜
allocation biz,褉邪褋锌褉械写械谢械薪懈械
utilization,蟹邪谐褉褍蟹泻邪 / 懈褋锌芯谢褜蟹芯胁邪薪懈械
efficiency biz,褝褎褎械泻褌懈胁薪芯褋褌褜
productivity,锌褉芯写褍泻褌懈胁薪芯褋褌褜
output biz,褉械蟹褍谢褜褌邪褌 / 胁褘锌褍褋泻
quality assurance,泻芯薪褌褉芯谢褜 泻邪褔械褋褌胁邪
sign-off,芯泻芯薪褔邪褌械谢褜薪芯械 褋芯谐谢邪褋芯胁邪薪懈械
approval flow,锌褉芯褑械褋褋 褋芯谐谢邪褋芯胁邪薪懈褟
escalation,褝褋泻邪谢邪褑懈褟
incident,懈薪褑懈写械薪褌
outage,褋斜芯泄 / 锌褉芯褋褌芯泄
postmortem,褉邪蟹斜芯褉 懈薪褑懈写械薪褌邪
runbook,懈薪褋褌褉褍泻褑懈褟 写械泄褋褌胁懈泄
on-call,写械卸褍褉褋褌胁芯
sla,褋芯谐谢邪褕械薪懈械 芯斜 褍褉芯胁薪械 褋械褉胁懈褋邪
kpi,泻谢褞褔械胁芯泄 锌芯泻邪蟹邪褌械谢褜
okr,褑械谢懈 懈 泻谢褞褔械胁褘械 褉械蟹褍谢褜褌邪褌褘
north star,谐谢邪胁薪邪褟 屑械褌褉懈泻邪
data-driven,芯褋薪芯胁邪薪薪褘泄 薪邪 写邪薪薪褘褏
hypothesis,谐懈锌芯褌械蟹邪
experiment biz,褝泻褋锌械褉懈屑械薪褌
a/b test,A/B-褌械褋褌
rollout plan,锌谢邪薪 胁褘泻邪褌邪
go-to-market,胁褘胁芯写 薪邪 褉褘薪芯泻
positioning,锌芯蟹懈褑懈芯薪懈褉芯胁邪薪懈械
value proposition,褑械薪薪芯褋褌薪芯械 锌褉械写谢芯卸械薪懈械
target audience,褑械谢械胁邪褟 邪褍写懈褌芯褉懈褟
persona,锌芯褉褌褉械褌 锌芯谢褜蟹芯胁邪褌械谢褟
use case,褋褑械薪邪褉懈泄 懈褋锌芯谢褜蟹芯胁邪薪懈褟
user story,锌芯谢褜蟹芯胁邪褌械谢褜褋泻邪褟 懈褋褌芯褉懈褟
competitive,泻芯薪泻褍褉械薪褌薪褘泄
differentiation,芯褌谢懈褔懈械 / 写懈褎褎械褉械薪褑懈邪褑懈褟
adoption,胁薪械写褉械薪懈械 / 锌褉懈薪褟褌懈械
retention rate,褍褉芯胁械薪褜 褍写械褉卸邪薪懈褟
growth rate,褌械屑锌 褉芯褋褌邪
scalable model,屑邪褋褕褌邪斜懈褉褍械屑邪褟 屑芯写械谢褜
sustainable,褍褋褌芯泄褔懈胁褘泄
viable,卸懈蟹薪械褋锌芯褋芯斜薪褘泄
feasible,芯褋褍褖械褋褌胁懈屑褘泄
robust solution,薪邪写褢卸薪芯械 褉械褕械薪懈械
seamless,斜械褋褕芯胁薪褘泄
intuitive,懈薪褌褍懈褌懈胁薪褘泄
streamlined,褍锌褉芯褖褢薪薪褘泄
cutting-edge,锌械褉械写芯胁芯泄
state-of-the-art,薪芯胁械泄褕懈泄
end-to-end,褋泻胁芯蟹薪芯泄
turnkey,锌芯写 泻谢褞褔
ad hoc,褋锌械褑懈邪谢褜薪褘泄 / 褉邪蟹芯胁褘泄
granular,写械褌邪谢褜薪褘泄 / 谐褉邪薪褍谢褟褉薪褘泄
high-level,胁褘褋芯泻芯褍褉芯胁薪械胁褘泄
low-level,薪懈蟹泻芯褍褉芯胁薪械胁褘泄
under the radar,薪械蟹邪屑械褌薪芯
in the loop,胁 泻褍褉褋械 写械谢
on the same page,薪邪 芯写薪芯泄 胁芯谢薪械
moving forward,胁 写邪谢褜薪械泄褕械屑
going forward,胁 斜褍写褍褖械屑
at scale,胁 屑邪褋褕褌邪斜械
by design,薪邪屑械褉械薪薪芯 / 锌芯 蟹邪写褍屑泻械
out of scope,胁薪械 褉邪屑芯泻
in scope,胁 褉邪屑泻邪褏
nice to have,卸械谢邪褌械谢褜薪芯
must have,芯斜褟蟹邪褌械谢褜薪芯
low-hanging fruit,谢褢谐泻邪褟 写芯斜褘褔邪
quick win,斜褘褋褌褉邪褟 锌芯斜械写邪
deep dive,谐谢褍斜芯泻芯械 锌芯谐褉褍卸械薪懈械
big picture,芯斜褖邪褟 泻邪褉褌懈薪邪
